Object Number,Restuarant Name,Restaurant Street address,Restaurant City,State,year opened,year closed,Owner surname(s),Is it in the 1960 Catalog?,pattern,earliest year for artifact,latest year for artifact,Pattern varient,Additional Design,Vessel form,rim diameter (cm),vessel height (in cm),thickness of vessel walls (in mm),thickness of lip (in mm),foot rim diameter (cm),height of foot (in mm),Mark (use letter code sheet),"sticker (use code, 0=none)",volume of cup or teapot in ml,weight (in grams),Additional design
FSL-376,0,0,0,0,,,,,Bird and Flower,,,BF III,design includes red bat ,saucer,,,,,,,B,0,,,
FSL-377,0,0,0,0,,,,,Bird and Flower,,,BF III,design includes red bat ,saucer,,,,,,,B,0,,,
FSL-378,0,0,0,0,,,,,Bird and Flower,,,BF III,design includes red bat ,saucer,,,,,,,B,0,,,
FSL-379,0,0,0,0,,,,,Bird and Flower,,,BF III,design includes red bat ,saucer,,,,,,,B,0,,,
FSL-380,0,0,0,0,,,,,Bird and Flower,,,BF III,design includes red bat on plate face as well as 2 addidtional bats on outer rim of plate,raised plate,,,,,,,D,0,,,
FSL-289, Canton Cafe Twin Dragon Lounge,,Cottage Grove,OR,,,,,two women/characters,,,,Chinese characters,tea bowl,7.72 cm,5.44,6.66,8.29,3.82,4.5,G,0,108,160.8,
FSL-158,24/66 Restaurant,US 24 Highway & K14,Beloit,KS,,,,,God of Longevity,,,,"Arrow Shape Separating 24 and 66, Like a Neon Sign",Ash Tray,10.00 cm,2.50 cm,6.03 mm,,5.00 cm,,D,0,,103.19 g,
FSL-395 ,3 Towers Restaurant,2609 N. 3rd,Enid,OK,,,,,Two Women,,,TW I,4 Chinese characters above address,tea cup,,,,,,,B,0,,,Chinese & American Foods
FSL-109,Ace Chop Suey,7001 E. 14th St.,Oakland,CA,1942,,,yes,Women/Characters,,,C-VI ,,Tea Cup,8.00 cm,5.00 cm,5.28 mm,7.11 mm,3.50 cm,3.00 mm,B,0,110.00 ml,125.07 g,
FSL-410,Ah Fong's Cantonese Food,4841 Church St.,Skokie,IL,,,,,Two Women,,,TW II,,saucer,,,,,,,G,0,,,Foods To Take Out; Phone CR-4-6474
FSL-304,Al's Chop Suey,3731 E. 14th St. ,Oakland,CA,,,,yes,Dragon/Phoenix,,1983,DPV,,Tea Cup,7.5 cm,5 cm,5.9 mm,7.5 mm,3.3 cm,2 mm,K,0,102.5 ml,139.7 g,Chinese characters below address
FSL-146,Albert Gee's Ding-How,6800 S. Main ,Houston,TX,,,,yes,Women/Characters,,,,,Tea Cup,7.50 cm,5.00 cm,4.29 mm,6.56 mm,4.00 cm,3.00 cm,B,0,110.00 ml,128.76 g,
FSL-411,Albert's,6425 E Kellogg,Wichita ,KA,,,,yes,Two Women,,,TW I,,tea cup,,,,,,,J,0,,,
FSL-110,Asia Chop Suey,859 N. Hawthorne Blvd.,Hawthorne,CA,,,,yes,Dragon/Phoenix,,1983,A-V,,Tea Cup,7.50 cm,5.00 cm,5.49 mm,7.12 mm,3.50 cm,3.00 mm,B,0,110.00 ml,125.27 g,
FSL-413,Asia Low,0,Oakland,CA,,,,yes,Dragon and Phoenix,,1983,DP III,3 red Chinese characters below city/state,tea cup,,,,,,,B,0,,,
FSL-117,Bamboo Garden,8844 S. Vermont Ave.,Los Angeles,CA,,,,,God of Longevity,,,,,Ash Tray,10.00 cm,2.50 cm,4.47 mm,,5.00 cm,,D,Yes: Japan,,93.90 g,
FSL-118,Bamboo Sky Chinese & American Restaurant,490 S. Main ,Orange,CA,,,,,Individualized Logo,,,,"Bamboo, Clouds, Sky",Ash Tray,10.00 cm,2.50 cm,6.62 mm,,5.00 cm,,C,0,,118.62 g,
FSL-402,Bill Lee's Bamboo Chopsticks,18th and M St.,Bakersfield,CA,,,,yes,Dragon and Phoenix,,1983,DP IV,2 green Chinese characters inside cup,tea cup,,,,,,,J,0,,,Address has faded
FSL-144,Bill Woo Chop Suey,16618 E. Warren Ave. ,Detroit,MI,,,,,Women/Characters,,,,,Tea Cup,8.00 cm,5.00 cm,5.16 mm,6.42 mm,4.00 cm,3.00 cm,B,0,110.00 ml,143.30 g,
FSL-200,Bob Lee's Lantern House,20 Tyler St. ,Boston ,MA,1952,1960,,,Individualized Logo,,,,Red Dragon,Tea Cup,7.50 cm,5.00 cm,5.89 mm,7.84 mm,4.00 cm,3.00 mm,B,0,100.00 ml,144.20 g,
FSL-128,Bugle Cafe,1498 South K St.,Tulare,CA,,,,,God of Longevity,,,,,Ash Tray,10.00 cm,2.50 cm,5.31 mm,,5.00 cm,,D,0,,85.73 g,
FSL-044,C & L Tahitian Rest,1342 Jadwin Ave,Richland (Uptown),WA,1956,1976,,,Women/Characters,,,,,Tea Cup,7.50 cm,5.00 cm,6.12 mm,8.00 mm,4.00 cm,2.00 mm,D,0,110.00 ml,148.00 g,
FSL-075,C & L Tahitian Rest,1342 Jadwin Ave,Richland (Uptown),WA,1956,1976,,,Women/Characters,,,,,Saucer,12.00 cm,2.00 cm,4.11 mm,,7.00 cm,,C,0,,144.16 g,
FSL-021,Canton Cafe,S. W. Emigrant at 5th,Pendleton,OR,1960,1975,,,Bird/Flowers,,,B-III,,Tea Cup,8,5.00 cm,6.00 mm,7.46 mm,4.00 cm,2.00 mm,D,0,110.00 ml,150.00 g,
FSL-041,Canton Cafe,205 S.G St. ,Aberdeen,WA,1950,2025,,,Dragon/Phoenix,1950–1959,1983,A-VII,,Tea Cup,7.50 cm,5.00 cm,5.20 mm,6.50 mm,4.00 cm,5.00 mm,C,0,110.00 ml,125.50 g,
FSL-160,Canton Cafe,408 Hillsboro,Raleigh,NC,1969,1996,,,Dragon/phoenix without thunder border or flaming pearl,,,I-*,Two Figures and an Incense Burner,Tea Cup,8.00 cm,5.00 cm,6.49 mm,8.76 mm,4.00 cm,3.00 mm,D,0,110.00 ml,141.70 g,
FSL-288,Canton Cafe,2550 Washington Blvd. ,Ogden,WA,,,,,Dragon/Phoenix,,1983,A-V,Chinese characters,tea bowl,7.58 cm,5.32. cm,5.47 mm,6.5 mm,3.21 cm,4.5 mm,B,0,95 ml,117,
FSL-299,Canton Cafe,205 South G St.,Aberdeen,WA,1959,2025,,,Dragon/Phoenix,1950–1959,1983,DPIV,,Tea Cup,7.4 cm,5.2 cm,5.2 mm,6.95 mm,3.2 cm,2 mm,K,0,106 ml,127.1 g,
FSL-403,Canton Cafe,205 South G St.,Aberdeen ,WA,1959,2025,,,Dragon and Phoenix,1950–1959,1983,DP IV,3 red Chinese characters inside of cup,tea cup,,,,,,,B,0,,,
FSL-052,Canton Garden,615 Pike St.,Seattle,WA,,,,,Women/Characters,,,,,Tea Cup,7.50 cm,5.00 cm,3.84 mm,6.50 mm,4.00 cm,2.00 mm,B,0,120.00 ml,122.43 g,
FSL-073,Canton Garden,615 Pike St.,Seattle,WA,,,,,Women/Characters,,,,,Saucer,12.50 cm,2.00 cm,5.00 mm,,7.00 cm,,B,0,,163.20 g,
FSL-074,Canton Garden,615 Pike St.,Seattle,WA,,,,,Women/Characters,,,,,Saucer,12.50 cm,2.00 cm,4.68 mm,,7.00 cm,,D,0,,150.84 g,
FSL-178,Canton Restaurant,950 S. Sycamore St.,Pettersburg,VA,,,,,Women/Characters,,,,Tall Pagoda with ridge over a river along with a Tree and Crane Depicted ,Tea Cup,7.50 cm,5.00 cm,5.92 mm,8.16 mm,4.00 cm,3.00 mm,D,0,100.00 ml,141.65 g,
FSL-207,Cathay City,266 N. Main St. Route 28,Randolph,MA,,,,,God of Longevity,,,,,Ash Tray,10.00 cm,2.50 cm,6.27 mm,,5.00 cm,,D,0,,110.42 g,
FSL-196,Cathay Garden,Route 110,Lowell,MA,1956,1980,,,Women/Characters,,,,A Black and White Dragon and Pearl,Tea Cup,7.50 cm,5.00 cm,8.13 mm,8.74 mm,4.00 cm,2.00 mm,D,0,90.00 ml,185.34 g,
FSL-197,Cathay Garden,Route 110,Lowell,MA,1956,1980,,,Women/Characters,,,,A Black and White Dragon and Pearl,Tea Cup,7.50 cm,5.00 cm,7.56 mm,9.13 mm,4.00 cm,2.00 mm,D,0,90.00 ml,178.66 g,
FSL-198,Cathay Garden,Route 110,Lowell,MA,1956,1980,,,Women/Characters,,,,A Black and White Dragon and Pearl,Tea Cup,8.00 cm,5.00 cm,8.16 mm,8.66 mm,4.00 cm,2.00 mm,D,0,90.00 ml,185.98 g,
FSL-199,Cathay Garden,Route 110,Lowell,MA,1956,1980,,,Women/Characters,,,,A Black and White Dragon and Pearl,Tea Cup,7.50 cm,5.00 cm,6.87 mm,8.50 mm,4.00 cm,2.00 mm,D,0,100.00 ml,157.55 g,
FSL-147,Cathay House,"3500 Alta Mere Dr., Weatherford Traffic Circle",Fort Worth,TX,,,,,Women/Characters,,,,,Tea Cup,7.50 cm,5.00 cm,4.76 mm,6.50 mm,4.00 cm,2.00 mm,B,0,110.00 ml,132.88 g,
FSL-047,Cathay Inn,N. 3714 Division St.,Spokane,WA,1950,,,,Dragon/Phoenix,,1983,A-VI,,Tea Cup,8.00 cm,5.50 cm,6.79 mm,8.00 mm,3.50 cm,4.00 mm,C,0,110.00 ml,165.00 g,
FSL-140,Chan's Restaurant ,416 W. Main St. ,Peoria,IL,,,,,Bird/Flowers,,,B-V,,Ash Tray,10.00 cm,2.50 cm,6.49 mm,,5.00 cm,,G,0,,112.70 g,
FSL-381,Chiam,2251 So. Wentworth Ave.,Chicago,IL,,,,,0,,,0,4 green Chinese characters to left of address,ashtray,,,,,,,D,0,,,"""...means chinese-american"" below restaurant name ""Chiam""; Phone CA-5-4766"
FSL-153,Chiam Restaurant,6857 W. 136th. St.,Parma Heights,OH,,,,,God of Longevity,,,,,Ash Tray,10.00 cm,2.50 cm,5.13 mm,,5.00 cm,,C,0,,91.86 g,
FSL-017,Chin's Cafe,1614 S. E. Stephens St.,Roseburg,OR,1960,2012,,,Bird/Flowers,,,B-II,,Tea Cup,8,5.50 cm,6.50 mm,7.87 mm,4.00 cm,5.00 mm,G,0,120.00 ml,159.00 g,
FSL-024,Chin's Cafe,1614 S. E. Stephens St.,Roseburg,OR,1960,2012,,,Bird/Flowers,,,B-II,,Tea Cup,8,5.50 cm,6.81 mm,8.00 mm,4.00 cm,5.00 mm,G,0,110.00 ml,159.00 g,
FSL-25,Chin's Cafe,1614 S. E. Stephens St.,Roseburg,OR,1960,2012,,,Bird/Flowers,,,B-II,,Tea Cup,8,5.50 cm,6.56 mm,8.00 mm,4.00 cm,5.00 mm,G,0,110.00 ml,163.00 g,
FSL-151,Chin's Pagoda Restaurant,2092 Lee Road,Cleveland,OH,,,,,Women/Characters,,,,Tall Pagoda in Front of a Cloud or Rock,Tea Cup,7.50 cm,5.00 cm,5.27 mm,6.28 mm,4.00 cm,3.00 cm,B,0,110.00 ml,143.95 g,
FSL-152,Chin's Pagoda Restaurant,2092 Lee Road,Cleveland,OH,,,,,Women/Characters,,,,Tall Pagoda in Front of a Cloud or Rock,Saucer,12.50 cm,2.00 cm,4.74 mm,,6.50 cm,,B,0,,150.87 g,
FSL-195,Chin's Restaurant ,2614 Connecticut Avenue N.W.,Washington,DC,,,,,Women/Characters,,,,,Tea Cup,8.00 cm,5.00 cm,7.71 mm,7.53 mm,4.00 cm,2.00 mm,D,0,90.00 ml,171.27 g,
FSL-002,China Cafe,2055 Fairgrounds Rd. N. E.,Salem,OR,1949,1973,,,Bird/Flowers,,,B-III,,Tea Cup,8,5.50 cm,6.00 mm,7.70 mm,4.00 cm,3.00 mm,D,0,110.00 ml,146.00 g,
FSL-026,China Cafe,2055 Fairgrounds Road,Salem,OR,1949,1973,,,Lustre,,,,,Tea Cup,8,5.50 cm,5.41 mm,6.38 mm,3.00 cm,4.00 mm,B,0,110.00 ml,125.36 g,
FSL-367,China Cafe,2055 Fairgrounds Road,Salem,OR,,,,,Custom flower print (to add to patter identification),,,,3 Chinese characters in cup along rim,tea cup,,,,,,,B,0,,,
FSL-018,China City Cafe,3555 S. Commercial,Salem,OR,1953,1972,,,Women/Characters,,,,,Tea Cup,8,5.00 cm,4.63 mm,6.50 mm,4.00 cm,2.00 mm,B,0,110.00 ml,136.46 g,
FSL-023,China City Cafe,3555 S. Commercial,Salem,OR,1953,1972,,,Women/Characters,,,,,Tea Cup,8,5.00 cm,5.00 mm,6.39 mm,4.00 cm,3.00 mm,B,0,110.00 ml,134.50 g,
FSL-347,China Clipper,,North Lewiston,ID,,,,,two women/characters,,,TW I,Chinese characters to left and right of address,Plate,15.8cm,2.1cm,,,9.8cm,5cm,A,0,,,Best Chinese Food & American Foods
FSL-360,"China Doll Restaurant Beer, Wine, & Liquors",406 Park Ave.,Baltimore,MD,,,,,God of Longevity,,,GL III,Red Chinese characters above address,ashtray ,,,,,,,D,0,,,"Beer, Wine, & Liquors"
FSL-150,China Gate Restaurant ,13863 Cedar Rd.,Cleveland,OH,1955,2018,,yes,Women/Characters,,,,,Tea Cup,7.50 cm,5.00 cm,5.30 mm,6.71 mm,4.00 cm,3.00 cm,B,0,110.00 ml,142.70 g,
FSL-174,China House ,1044 Elm Street,Manchester,NH,1968,,,,Bird/Flowers,,,B-III,chinese woman with modern hair/dress,Tea Cup,7.50 cm,5.00 cm,8.82 mm,7.89 mm,4.00 cm,2.00 mm,D,0,90.00 ml,184.93 g,
FSL-323,China Inn Restaurant,41 Harrison Ave.,Waterbury,CT,,,,,God of Longevity,,,GL III,3 Chinese characters to left of address,ashtray,,,,,,,G,0,,,Pipe hot foods to go; phone 754-9854
FSL-302,China Land,3135 Midway Dr.,San Diego,CA,,,,,Drago/Phoenix,,,DPIII,Woman in flowing robe with one hand on head/ Chinese characters below address,Tea Cup,7.6 cm ,5.2 cm,6.4 mm,7.2 mm,3.7 cm,5 mm,D,0,106 ml,151.6 g,Foods to take out/ Phone AC-3-1255
FSL-335,China Lane,1739 Euclid Ave.,Cleveland,OH,,,,,Bird and flower,,,BF III,"Chinese characters left of address, set of chopsticks, tea cup",Tea Cup,7.6 cm,5.2 cm,5.5 mm,6.1 mm,3.7 cm,2 mm,B,0,110 ml,150.8 g,Cantonese Cuisine at it's best/Cocktail Lounge 
FSL-336,China Lane,1739 Euclid Ave.,Cleveland,OH,,,,,Bird and flower,,,BF IV,"Chinese characters lef of address, set of chopsticks, tea cup/pot",Tea Cup,7.6 cm,5.2 cm,5.2 mm,6.2 mm,3.7 cm,2 mm,B,0,116 ml,144.8 g,Cantonese Cuisine at it's best/Cocktail Lounge 
FSL-337,China Lane,1739 Euclid Ave.,Cleveland,OH,,,,,Bird and flower,,,BF IV,"chinese characters left of address, set of chopsticks, tea cup",Tea Cup,7.6 cm,5.2 cm,5.2 mm,6.2 mm,3.7 cm,2 mm,B,0,118 ml,146.2 g,Cantonese Cuisine at it's best/Cocktail Lounge 
FSL-341,China Lane,1739 Euclid Ave.,Cleveland,OH,,,,,Bird and flower,,,BF IV,Cantonese Cuisine at it's Best,Tea Cup,7.8 cm,5.3 cm,5.4 mm,6.1 mm,3.8 cm,2 mm,B,0,118 ml,147 g,Cocktail Lounge
FSL-039,China Lantern,,Beaverton,OR,1957,1968,,,Individualized Logo,,,,Red and Green Chinese Lantern,Ash Tray,10.00 cm,2.50 cm,5.94 mm,5.60 mm,5.00 cm,,D,Yes: Japan,,99.30 g,
FSL-290,China Lantern,,Beaverton,OR,1957,1968,,,Dragon/Phoenix,,,A-V,Chinese characters,tea bowl,7.49 cm,5.17,5.5,6.8,3.35,2.3,B,0,108,120.22,
FSL-414,China Pagoda Restraurant,52 Beach St.,Boston,MA,,,,,Bird and Flower,,,DP IV,Drawn pagoda with 2 black Chinese characters to right of address,tea cup,,,,,,,B,0,,,Orders To Take Out: Phone HA-6-2146
FSL-415,China Pagoda Restraurant,52 Beach St.,Boston,MA,,,,,Bird and Flower,,,DP IV,Drawn pagoda with 2 black Chinese characters to right of address,tea cup,,,,,,,B,0,,,Orders To Take Out: Phone HA-6-2146
FSL-416,China Pagoda Restraurant,52 Beach St.,Boston,MA,,,,,Bird and Flower,,,DP IV,Drawn pagoda with 2 black Chinese characters to right of address,tea cup,,,,,,,B,0,,,Orders To Take Out: Phone HA-6-2146
FSL-351,China Village,334 S. Main St.,Salt Lake City,UT,,,,,Bird and Flower,,,BF III,3 Chinese characters above name,ashtray,,,,,,,D,0,,,Phone EL-5-5507
FSL-210,China Village Chinese Restaurant ,917 Race St.,Philadelphia,PA,1955,2008,,yes,Women/Characters,,,,,Tea Cup,8.00 cm,5.00 cm,5.88 mm,7.66 mm,4.00 cm,3.00 mm,B,0,110.00 ml,144.60 g,
FSL-212,China Village Chinese Restaurant ,917 Race St.,Philadelphia,PA,1955,2008,,yes,Women/Characters,,,,,Wor Bowl (Thick),14.00 cm,4.50 cm,5.12 mm,5.79 mm,12.00 cm,5.00 mm,D,0,400.00 ml,464.30 g,
FSL-211,China Village Chinese Restaurant  ,917 Race St.,Philadelphia,PA,1955,2008,,yes,Women/Characters,,,,,Wor Bowl (Thick),14.00 cm,4.50 cm,5.12 mm,5.89 mm,12.00 cm,5.00 mm,D,0,400.00 ml,461.20 g,
FSL-187,Chinese Lantern,2120 S. Atlantic Ave.,Daytona Beach,FL,,,,,Women/Characters,,,,,Tea Cup,8.00 cm,5.00 cm,5.51 mm,7.05 mm,4.00 cm,3.00 mm,D,0,110.00 ml,134.90 g,
FSL-005,Chinese Tea Room,128 N. 3rd. St.,Corvallis,OR,,,,,Women/Characters,,,,,Tea Cup,8,5.50 cm,6.33 mm,8.00 mm,4.00 cm,3.00 mm,B,0,104.00 ml,154.00 g,
FSL-004,Chinese Village,520 S. E. 82nd Ave.,Portland,OR,1949,2018,"Jim Chin, Wm. H. Chinn and Tom N. Low",yes,Women/Characters,,,,,Tea Cup,8,5.50 cm,6.00 mm,7.00 mm,4.00 cm,5.00 mm,G,0,110.00 ml,154.00 g,
FSL-007,Chinese Village,520 S. E. 82nd Ave.,Portland,OR,1949,2018,"Jim Chin, Wm. H. Chinn and Tom N. Low",yes,Women/Characters,,,,,Tea Cup,8,5.00 cm,5.55 mm,8.00 mm,4.00 cm,3.00 mm,D,0,100.00 ml,143.00 g,
FSL-010,Chinese Village,520 S. E. 82nd Ave.,Portland,OR,1949,2018,"Jim Chin, Wm. H. Chinn and Tom N. Low",yes,Women/Characters,,,,,Tea Cup,8,5.50 cm,6.33 mm,7.00 mm,4.00 cm,5.00 mm,G,0,110.00 ml,141.00 g,
FSL-028,Chinese Village,520 S. E. 82nd Ave.,Portland,OR,1949,2018,"Jim Chin, Wm. H. Chinn and Tom N. Low",yes,Peacock/Pine Tree,,,,,Vase,8,21.00 cm,5.13 mm,10.00 mm,8.50 cm,,B,0,900.00 ml,652.00 g,
FSL-030,Chinese Village,520 S. E. 82nd Ave.,Portland,OR,1949,2018,"Jim Chin, Wm. H. Chinn and Tom N. Low",yes,Women/Characters,,,,,Tea Pot (Vertical Body),6.5,14.00 cm,,,8.50 cm,,D,0,600.00 ml ,572.50 g,
FSL-033,Chinese Village,520 S. E. 82nd Ave.,Portland,OR,1949,2018,"Jim Chin, Wm. H. Chinn and Tom N. Low",yes,God of Longevity,,,,,Ash Tray,10,2.50 cm,5.59 mm,5.59 mm,5.00 cm,,D,0,,94.00 g,
FSL-036,Chinese Village,520 S. E. 82nd Ave. ,Portland,OR,1949,2018,"Jim Chin, Wm. H. Chinn and Tom N. Low",yes,God of Longevity,,,,,Ash Tray,10,2.50 cm,4.61 mm,4.46 mm,5.00 cm,,D,Yes: Japan,,88.88 g,
FSL-029,Chinese Village ,520 S. E. 82nd Ave.,Portland,OR,1949,2018,"Jim Chin, Wm. H. Chinn and Tom N. Low",yes,Women/Characters,,,,,Plate (Round),8,2.50 cm,4.26 mm,,11.50 cm,,A,0,,348.50 g,
FSL-388,Chinest Palace Rest.,4626 Great Northern Blvd.,North Olmstead,OH,,,,,God of Longevity ,,,GL II,4 Chinese characters below GL,ashtray,,,,,,,C,yes; Japan,,,Address is smudged; Phone 734-6767
FSL-165,Ching King Inn,,,,,,,,Women/Characters,,,,A Chinese Figure in Robes,Tea Cup,8.00 cm,5.50 cm,5.27 mm,7.08 mm,4.00 cm,2.00 mm,B,0,,130.39 g +/-,
FSL-161,Chu Wah Restaurant and Lounge,9628 Olive St. Road,St. Louis,MO,1970,,,,Individualized Logo,,,,"""Traditionally"" Dressed Character with Hat and Queue Holding a Tray of Food and a Tray of Drinks",Ash Tray,10.00 cm,2.50 cm,5.33 mm,,5.00 cm,,D,0,,85.92 g,
FSL-408,Chuck's Fine Foods at Sid's Cafe,0,Castro Valley,CA,,,,,Custom Pattern,,,,God of Longevity with woman standing behind with red bat,rice bowl,,,,,,,0,0,,,
FSL-083,Chungking Cafe,327 E. Center Street,Anaheim,CA,,,,,Women/Characters,,,C-VII,"""In the City with Disneyland"" Logo",Tea Cup,7.50 cm,5.00 cm,3.68 mm,2.50 mm,3.00 cm,4.00 mm,D,0,110.00 ml,80.05 g,
FSL-393,Chungking Restaurant,3817 Market St.,Riverside,CA,,,,,God of Longevity ,,,GL III,2 Chinese characters below GL,ashtray,,,,,,,D,0,,,Chinese Food; Phone 686-7292
FSL-398,Chungking Restaurant,3817 Market St.,Riverside,CA,,,,,God of Longevity ,,,GL III,2 red Chinese characters below GL,ashtray,,,,,,,D,0,,,Chinese Food; Phone 686-7292
FSL-055,Chungsun Cafe,5433 1/2 Ballard Ave. N. W.,Seattle,WA,1940,1972,,,Women/Characters,,,,,Tea Cup,8.00 cm,5.00 cm,8.11 mm,8.30 mm,4.00 cm,2.00 mm,D,0,90.00 ml,187.00 g,
FSL-305,Dan Chan Restaurant,John Fitch Plaza,Fitchburg,MA,1964,,,,Bird/Flowers,,,B-II,,Tea Cup,7.6 cm,5.5 cm,5.8 mm,6.1 mm,3.7 cm,5 mm,G,0,cup is broken/not internal volume documented,138.9 g,Foods to take out/phone 342-3574
FSL-338,Dan Chan Restaurant,John Fitch Plaza,Fitchburg,MA,1964,,,,Bird and flower,,,BF II,Chinese charaters above address,Tea Cup,7.8 cm,5.5 cm,5.8 mm,6.1 mm,3.7 cm,5 mm,H,0,118 ml,141.3 g,Foods to take out/Phone 342-3574
FSL-339,Dan Chan Restaurant,John Fitch Plaza,Fitchburg,MA,1964,,,,Bird and flower,,,BF II,chinese characters above address,Tea Cup,7.8 cm,5.6 cm,6.1 mm,6.5 mm,3.8 cm,5 mm,G,0,121 ml,144.7 g,Foods to take out/Phone 342-3574
FSL-340,Dan Chan Restaurant,John Fitch Plaza,Fitchburg,MA,1964,,,,Bird and flower,,,BF II,chinese characters above address,Tea Cup,7.8 cm,5.6 cm,5.7 mm,6 mm,3.7 cm,5 mm,G,0,118 ml,140.9 g,foods to take out/Phone 342-3574
FSL-342,Dan Chan Restaurant,John Fitch Plaza,Fitchburg,MA,1964,,Danny Chin,,Bird and flower,,,BF II,chinese characters above address,Tea Cup,7.7 cm,5.5 cm,5.7 mm,5.8 mm,3.7 cm,5 mm,G,0,118 ml,142.7 g,foods to take out/Phone 342-3574
FSL-163,Ding Ho Cafe,73 E. 3rd. South,Salt Lake City,UT,1953,1977,,,God of Longevity,,,,,Ash Tray,10.00 cm,2.50 cm,5.70 mm,,5.00 cm,,D,0,,105.80 g,
FSL-361,Dorothy Wong's East Wind Restaurant ,19160 Ten Mile Rd.,East Detroit,MI,,,,,God of Longevity,,,GL III,Red Chinese characters above address,ashtray ,,,,,,,D,0,,,Foods to take out/ Phone 771-7420
FSL-179,Dragon Seed Restaurant ,Route #1,Kittery,ME,1960,1980,,,Women/Characters,,,,Red Dragon Logo in Circle with Characters,Tea Cup,8.00 cm,5.00 cm,7.85 mm,8.20 mm,4.00 cm,2.00 mm,D,0,100.00 ml,179.13 g,
FSL-180,Dragon Seed Restaurant ,Route #1,Kittery,ME,1960,1980,,,Women/Characters,,,,Red Dragon Logo in Circle with Characters,Tea Cup,8.00 cm,5.00 cm,7.82 mm,8.05 mm,4.00 cm,2.00 mm,D,0,100.00 ml,177.75 g,
FSL-181,Dragon Seed Restaurant ,Route #1,Kittery,ME,1960,1980,,,Bird/Flowers,,,B-III,Red Dragon Logo in Circle with Characters,Tea Cup,8.00 cm,5.00 cm,8.05 mm,8.83 mm,4.00 cm,2.00 mm,D,0,90.00 ml,183.87 g,
FSL-092,Ednaray Restaurant,406 N. Santa Cruz Ave.,Los Gatos,CA,1963,1997,,,Individualized Logo,,,,Pagoda and Green Border,Tea Cup,7.50 cm,5.00 cm,8.67 mm,7.83 mm,4.00 cm,2.00 mm,D,0,90.00 ml,183.11 g,
FSL-213,ENG ,,Atlanta,GA,,,,,Dragon/Phoenix,,1983,A-VI,,Tea Cup,7.50 cm,5.00 cm,4.25 mm,2.72 mm,3.00 cm,4.00 mm,G,0,100.00 ml,89.95 g,
FSL-070,Eng's Grill,26 South 2nd. St.,Yakima,WA,,,,,Dragon/Phoenix,,1983,A-IV,,Tea Cup,8.00 cm,5.00 cm,4.85 mm,7.25 mm,4.00 cm,2.00 mm,B,0,110.00 ml,142.88 g,
FSL-328,Eng's Restaurant ,244 Janaff Shopping Center,Norfolk,VA,,,,,God of Longevity,,,GL III,3 Chinese characters above address,ashtray,,,,,,,D,Yes; Japan,,,Orders to take out; Phone UL--3-2948
FSL-143,Evergreen Gardens,20430 W. Seven Mile Rd.,Detroit,MI,,,,,Women/Characters,,,,,Tea Cup,8.00 cm,5.00 cm,5.42 mm,7.10 mm,4.00 cm,3.00 cm,B,0,110.00 ml,138.19 g,
FSL-145,Evergreen Gardens,20430 W. Seven Mile Rd.,Detroit,MI,,,,,Women/Characters,,,,,Saucer,12.50 cm,2.00 cm,4.53 mm,,7.00 cm,,B,0,,143.96 g,
FSL-355,Far East,E. 4824 Sprague,Spokane,WA,,,,,God of Longevity,,,GL III,5 Chinese characters below address,ashtray ,,,,,,,E,0,,,
FSL-320,Far East ,E. 4824 Sprague,Spokane,WA,,,,,Bird and Flower,,,BF III,2 Chinese characters above address,ashtray,,,,,,,E,0,,,
FSL-322,Far East ,E. 4824 Sprague,Sprague,WA,,,,,Bird and Flower,,,BF III,2 black script Chinese characters above address and 4 red characters below address,ashtray,,,,,,,E,0,,,
FSL-280,Fong's Chinese Restaurant For Better Liivng,4608 E. Tulare St.,Fresno,CA,1960,2025,"Tommy A Fong, Gon Dai Fong",,women/Characters,,,C-VI,Chinese characters,tea bowl,7.50 cm,5.35 cm,6.53 mm,6.5 mm,3.78 cm,2 mm,B,no,93 ml,149.67 g,
FSL-294,Foo Chow,535 N.E. Columbia Blvd.,Portland,OR,1955,, ,,Dragon/Phoenix,,1983,,,Tea Cup,7.60 cm,5.20 cm,5.90 mm,7.20 mm,3.70 cm,2.00 mm,B,0,102.00 ml,151.8 g,
FSL-298,Foo-Chow,535 N.E. Columbia Blvd.,Portland,OR,1955,,,,Dragon/Phoenix,,1983,DP-IV,,,,,,,,,,,,,
FSL-298,Foo-Chow,535 N.E. Columbia Blvd.,Portland,OR,1955,,,,Dragon/Phoenix,,1983,DPIV,,Tea Cup,7.6 cm,5.2 cm,4.5 mm,6.6 mm,3.7 cm,2 mm,B,0,110 ml,138.5 g,chinese characters below address
FSL-014,Formosa Cafe,7410 N. E. Union Ave.,Portland,OR,1952,2015,"Tom Fong, William Chin",,Dragon/Phoenix,,1983,A-VI,,Tea Cup,8,5.50 cm,6.50 mm,7.63 mm,4.00 cm,5.00 mm,G,0,110.00 ml,158.40 g,
FSL-300,Formosa Cafe,7410 N.E. Union Ave.,Portland,OR,1952,2015,"Tom Fong, William Chin",,Dragon/Phoenix,,1983,DPVI,,Tea Cup,7.6 cm,5.4 cm,6.3 mm,7.2 mm,3.7 cm,5 mm,C,0,110 ml,146.9 g,Phone 285-2922 chinese characters below address
FSL-312,Formosa Restaurant,5716 S. Dixie Highway,South Miami,FL,,,,,two women/characters,,,TW I,Woman in robe with sun behind,Tea Cup,7.6 cm,5.3 cm,5.8 mm,6.5 mm,3.7 cm,5 mm,,0,109 ml,143 g,Orders to take out/ Phone MO-5-3881
FSL-350,Formosa Restaurant,5716 S. Dixie Highway,South Miami,FL,,,,,two women/characters,,,TW I,figure with sun behind left of address/ four Chinese characters above address,Tea Cup,,,,,,,D,0,,,Orders to take out/ Phone MO-5-3881
FSL-003,Fortune Cookie,4900 N. River Rd.,Salem,OR,1971,1988,,,Dragon/Phoenix,,1983,A-VI,,Tea Cup,8,5.50 cm,5.37 mm,5.60 mm,4.00 cm,5.00 mm,C,0,130.00 ml,128.00 g,
FSL-204,Gamsun,21 Hudson Street,Boston ,MA,1940,1962,,,Women/Characters,,,,Mountain with a Sky Pagoda and Palm Tree,Tea Cup,8.00 cm,5.50 cm,5.77 mm,7.79 mm,4.00 cm,3.00 mm,B,0,120.00 ml,152.57 g,
FSL-115,Gang Sue's Teagarden,1200 N. Main,Porterville ,CA,1949,1990–1999,,,God of Longevity,,,,"Playful use of ""T"" in Teahouse to form ""TSUE""",Ash Tray,10.00 cm,2.50 cm,4.75 mm,,5.00 cm,,G,0,,95.07 g,
FSL-387,Gee's Restaurant,Airline at Crosstimbers,Houston,Texas,1954,2022,Gee (Gordon Cuoy Gee and Betty Chen Gee),,Bird and Flower ,,,BF III,2 red Chinese characters above name,ashtray,,,,,,,D,0,,,Chinese & American Food; Phone OX-2-2064
FSL-082,Gene's Grill,3224 E. 45th.,Seattle,WA,,,,,God of Longevity,,,,,Ash Tray,10.00 cm,2.50 cm,4.84 mm,,5.00 cm,,D,0,,93.01 g,
FSL-354,generic,,,,,,,,two women/characters,,,TW II,4 Chinese characters/ gold trim at rim of cup,Tea Cup,,,,,,,D,0,,,
FSL-356,generic,,,,,,,,Dragon and phoenix,,1983,DP VII,,Tea Cup,,,,,,,C,0,,,
FSL-357,generic,,,,,,,,two women/characters,,,TW II,4 Chinese characters,Tea Cup,,,,,,,E,0,,,
FSL-358,generic,,,,,,,,Dragon,1983,,RD,Gold trim at base/ addition of rising sun and green clouds/ two characters above clouds,Tea Cup,,,,,,,C,0,,,
FSL-125,George Ching's The Golden Lion,3311 N. Tyler Ave.,El Monte,CA,1967,1994,Ching,,God of Longevity,,,,,Ash Tray,10.00 cm,2.50 cm,5.57 mm,,5.00 cm,,D,Yes: Japan,,91.11 g,
FSL-276,George's Restaurant ,,North Lewiston,ID,,,,,God of Longevity,,,,,Ash Tray,10.00 cm,2.50 cm,5.68 mm,,5.00 cm,,D,Yes: Japan,,99.13 g,
FSL-352,giftware,,,,,,,,Custom pattern,,,,Gold painted honeycomb pattern with 3 circular characters around outer surface,Tea Cup,,,,,,,D,0,,,Matching saucer FSL-353
FSL-353,giftware,,,,,,,,Custom pattern,,,,Gold painted honecomb pattern around rim of saucer with 3 circular shapes containing Chinese characters/ matching pattern with cup FSL-352,Saucer,,,,,,,D,0,,,
FSL-043,Golden City Cafe,3812 So. Yakima Ave.,Tacoma,WA,1960,,"George Low, Louie Lung",,Women/Characters,,,,,Tea Cup,7.50 cm,5.00 cm,6.36 mm,8.12 mm,4.00 cm,2.00 mm,D,0,110.00 ml,151.62 g,
FSL-046,Golden City Cafe,3812 So. Yakima Ave.,Tacoma,WA,1960,,"George Low, Louie Lung",,Dragon/Phoenix,,1983,A-IV,,Tea Cup,7.50 cm,5.00 cm,5.50 mm,7.00 mm,3.50 cm,3.00 mm,B,0,110.00 ml,137.50 g,
FSL-391,Golden Dragon,1042 W. Highland Ave.,San Bernardino,CA,,,,,Custom Pattern,,,0,Golden Dragon; 2 Chinese characters at the right of address; 2 Chinese characters at the left of address,ashtray,,,,,,,D,0,,,Free Parking; food to go; Phone TU-3-3719
FSL-042,Golden Dragon Cafe,5415 So. Tacoma Way,Tacoma,WA,1951,1982,"James S Look, George Lee,",,Women/Characters,,,,,Tea Cup,7.50 cm,5.00 cm,5.65 mm,7.06 mm,3.50 cm,3.00 mm,B,0,110.00 ml,133.63 g,
FSL-311,Golden Dragon Cafe,5415 So Tacoma Way??,Tacoma,WA,1951,1982,"James S Look, George Lee,",,two women/characters,,,TW I,Black dragon with chinese characters to left,Tea Cup,7.6 cm,5 cm,6.3 mm,7.8 mm,3.7 cm,2 mm,B,0,104 ml,152.3 g,
FSL-321,Golden Dragon Cafe,710 Simpson,Hoquim,WA,,,,,God of Longevity,,,GL III,4 red characters below GofL,ashtray,,,,,,,G,0,,,Food to take out Phone GE-9-0510
FSL-374,Golden Dragon Cafe,So. Tacoma Way,South Tacoma,WA,,,,,Dragon/Phoenix,,1983,DP IV,2 Chinese characters inner rim of cup,tea cup,,,,,,,B,0,,,
FSL-392,Golden Dragon Cafe,710 Simpson Ave.,Hoquiam,WA,,,,,God of Longevity ,,,GL III,4 Chinese characters below GL,ashtray,,,,,,,G,0,,,Food to take out; Phone GE-S-0510
FSL-405,Golden Dragon Cafe,So. Tacoma Wa,South Tacoma,WA,,,,,Dragon and Phoenix,,1983,DP III,2 red Chinese characters inside of cup,,,,,,,,B,0,,,
FSL-209,Golden Dragon Restaurant ,1012 Saw Mill Run Blvd.,Pittsburgh,PA,,,,,Women/Characters,,,,"Black and White Dragon, Possibly with a Pearl",Tea Cup,7.50 cm,5.00 cm,6.04 mm,7.93 mm,4.00 cm,3.00 mm,D,0,110.00 ml,143.90 g,
FSL-268,Golden Pagoda,Los Angeles Chinatown,Los Angeles ,CA,1938,1980–1989,,,Individualized Logo,,,,Red Tall Pagoda/Tower,Butter/Soy Dish ,10.00 cm,2.00 cm,2.41 mm,,5.50 cm ,,D,Yes: Japan ,,46.67 g,
FSL-269,Golden Pagoda,Los Angeles Chinatown,Los Angeles ,CA,1938,1980–1989,,,Individualized Logo,,,,Red Tall Pagoda/Tower,Butter/Soy Dish ,10.00 cm,2.00 cm,2.56 mm,,5.50 cm,,D,0,,48.14 g,
FSL-334,Good Earth Restaurant,212 W. 72nd St.,New York City,NY,,,,,Two Women,,,TW I,circular stamp with woman playing traditional duxianqin and three chinese characters to left of address,saucer,,,,,,,D,Yes; Japan,,,Phone TR-7-3240
FSL-193,Gung Ho Restaurant,4406 G. Street N.W.,Washington,DC,,,,,Dragon/Phoenix,,1983,A-IV,,Tea Cup,8.00 cm,5.50 cm,5.53 mm,6.80 mm,4.00 cm,5.00 mm,B,0,120.00 ml,136.70 g,
FSL-271,Hao Wah Restaurant ,3018 So. Wayside,Houston,TX,,,,,Women/Characters,,,,Eight Symbols ,Tea Pot (Short Spout and Thick),8.00 cm,11.00 cm,,,8.00 cm,,B,0,600 ml ,539.60 g,
FSL-175,Hawaiian Garden Motor Inn-Restaurant,Route U.S. #1,Seabrook,NH,1960–1969,1980–1989,,,Women/Characters,,,,,Tea Cup,8.00 cm,5.50 cm,5.87 mm,6.77 mm,4.00 cm,5.00 mm,C,0,110.00 ml,135.47 g,
FSL-176,Hawaiian Garden Motor Inn-Restaurant,Route U.S. #1,Seabrook,NH,1960–1969,1980–1989,,,Women/Characters,,,,,Tea Cup,8.00 cm,5.50 cm,5.88 mm,6.61 mm,4.00 cm,5.00 mm,H,0,110.00 ml,142.88 g,
FSL-215 ,Hi Hat  ,11311 S. W. Barbur Blvd. ,Portland,OR,1955,2011,,,Women/Characters,,,,Hat Design,Tea Cup,7.50 cm,5.00 cm,5.13 mm,7.22 mm,4.00 cm,2.00 mm,D,0,110.00 ml,133.35 g,
FSL-038,Hi Hat Restaurant,11311 S. W. Barbur Blvd.,Portland,OR,1955,2011,,,God of Longevity,,,,,Ash Tray,10.00 cm,2.50 cm,4.31 mm,5.07 mm,5.00 cm,,D,0,,96.00 g,
FSL-205,Ho Sai Gai,1020 W. Roxbury Pkwy.,South Brookline,MA,,,,,Dragon/Phoenix,,1983,A-VIII,Woman in Imperial Dress Holding a Tray,Tea Cup,8.00 cm,5.50 cm,5.97 mm,8.25 mm,4.00 cm,3.00 mm,B,0,120.00 ml,142.96 g,
FSL-133,Ho-Toy Lo,515 N. Jefferson St. (Behind Armory),Peoria,IL,,,,,Women/Characters,,,,,Tea Cup,8.00 cm,5.50 cm,6.56 mm,7.55 mm,4.00 cm,5.00 mm,G,0,110.00 ml,154.65 g,
FSL-292,Ho-Toy Lo,515 N. Jefferson St. (Behind Armory),Peoria,IL,,,,,,,,,,,,,,,,,,,,,
FSL-090,Holly Cafe,1429 Market St.,Redding,CA,,,,,Women/Characters,,,C-III,,Tea Cup,8.00 cm,5.50 cm,5.88 mm,6.84 mm,4.00 cm,5.00 mm,G,0,120.00 ml,134.37 g,
FSL-306,Holly Cafe,,Reddings,CA,,,,,Dragon/Phoenix,,1983,DPV,,Tea Cup,7.6 cm,5 cm,5.1 mm,6.7 mm,3.3 cm,2 mm,B,0,106 ml,118.7 g,Chinese characters below address/ Also take out orders
FSL-057,Hong Kong Cafe,507 Maynard Ave.,Seattle,WA,,,,,Dragon/Phoenix,,1983,A-III,,Tea Cup,8.00 cm,5.00 cm,5.84 mm,7.00 mm,4.00 cm,2.00 mm,D,0,110.00 ml,148.00 g,
FSL-364,Hong Kong Cafe,507 Maynard Ave.,Seattle,WA,,,,,Dragon/Phoenix,,1983,DP III,4 Chinese characters inside bowl,Small bowl,,,,,,,B,0,,,
FSL-138,Hong Kong Restaurant,,Champaign,IL,,,,,Women/Characters,,,,,Plate (Round),16.00 cm,2.00 cm,4.09 mm,,9.50 cm,,A,0,,211.36 g,
FSL-148,Hong Kong Restaurant,3011 Amarillo Blvd. on Highway 66 & 60,Amarillo,TX,1955,1992,Jew/Chew,,God of Longevity,,,,,Ash Tray,10.00 cm,2.50 cm,4.47 mm,,5.00 cm,,D,0,,91.89 g,
FSL-287,Hong Kong Restaurant,New Chinatown,Los Angeles ,CA,,,,,Dragon/Phoenix,,1983,A-IV,Chinese Characters,tea bowl,7.52 cm,5.2cm,4.6 mm,6.9 mm,3.75 cm,2 mm,B,0,96 ml,126.5,
FSL-389,Hong Kong Restaurant,27139 Chagrin Blvd.,Cleveland,OH,,,,,God of Longevity ,,,GL I,3 Chinese characters at right side of address,ashtray,,,,,,,E,0,,,Orders to go; Phone 831-1818 (smudged)
FSL-394,House of Lee,0,Metairie,LA,,,,,Two Women,,,TW I,Town depicted with gate and 3 Chinese characters below ,tea cup,,,,,,,D,0,,,
FSL-368,Hung Far Low,112 N.W. 4th Ave.,Portland ,OR,,,,,Custom flower print (to add to patter identification),,,,3 Chinese characters in cup along rim,tea cup,,,,,,,B,0,,,
FSL-079,Jade Place,706 Main Street ,Vancouver,WA,,,,,God of Longevity,,,,,Ash Tray,10.00 cm,2.50 cm,4.26 mm,,5.00 cm,,G,0,,84.47 g,
FSL-081,Jade Place,706 Main Street ,Vancouver,WA,,,,,God of Longevity,,,,,Ash Tray,10.00 cm,2.50 cm,5.31 mm,,5.00 cm,,D,0,,107.28 g,
FSL-284,Jas Louie's Cafe,3555 Genesee St at Ranier,Seattle,WA,,,,,Bird and flower,,,B-III,stylized chinese characters,tea bowl,7.16 cm,4.96 cm,8.39 mm,8.46 mm,3.79 cm,2.0 mm,D,no,82ml,172.22,
FSL-313,Jerry's Ming House,1900 E. Broadway,Tucson,AZ,,,,,Dragon/Phoenix,,1983,DP I ,Chinese characters to left and right of address,Tea Cup,7.4 cm,5.2 cm,3.05 mm,3.4 mm,3 cm,3 mm,J,0,109 ml,76.4 g,Food to take out/ Phone 4-1261
FSL-314,Jerry's Ming House,1900 E. Broadway,Tucson,AZ,,,,,Dragon/Phoenix,,1983,DP I,Chinese characters to left and right of address,Tea Cup,7.4 cm,5.2 cm,3.15 mm,3.4 mm,3 cm,3 mm,J,0,109 ml,74.5 g,Food to take out/ Phone 4-1261
FSL-315,Jerry's Ming House,1900 E. Broadway,Tucson,AZ,,,,,Dragon/Phoenix,,1983,DP I,Chinese characters to left and right of address,Tea Cup,7.4 cm,5.2 cm,3.2 mm,3.3 mm,3 cm,3 mm,J,0,109 ml,79. 2 g,Food to take out/ Phone 4-1261
FSL-316,Jerry's Ming House,1900 E. Broadway,Tucson,AZ,,,,,Dragon/Phoenix,,1983,DP I,Chinese characters to left and right of address,Tea Cup,7.4 cm,5.2 cm,3 mm,3.2 mm,3 cm,3 mm,J,0,108 ml,72.2 g,Food to take out/ Phone 4-1261
FSL-317,Jerry's Ming House,1900 E. Broadway,Tucson,AZ,,,,,Dragon/Phoenix,,1983,DP I,Chinese characters to left and right of address,Tea Cup,7.4 cm,5.2 cm,3.4 mm,3.3 mm,3 cm,3 mm,B,0,108 ml,71.5 g,Food to take out (smudged)/ Phone 4-1261
FSL-286,Jery's Ming House,1900 E. Broadway,Tucson,AZ,,,,,Dragon/Phoenix,,1983,A-I,Chinese characters,tea bowl,7.45 cm,5.25cm,2.9 mm,2.5 mm,3.25 cm,3.5 mm,B,no,96 ml,73.3,
FSL-134,Jimmy Wong's,,Chicago,IL,1957,1997,,,Dragon/Phoenix,,1983,A-III,Smiling Buddha,Tea Cup,7.50 cm,5.00 cm,7.77 mm,5.49 mm,4.00 cm,2.00 mm,D,0,110.00 ml,137.95 g,
FSL-301,Jimmy Wong's Golden Dragon,414 University Ave. ,San Diego ,CA,,,,,Dragon/Phoenix,,1983,DPIV,,Tea Cup,7.6 cm,5.2 cm,5.6 mm,7.2 mm,3.7 cm,2 mm,B,0,108 ml,148. 7 g,Foods to take out/ Phone CY-6-4119
FSL-166,Jimmy Wu's New China Inn,2430 North Charles Street,Baltimore,MD,1948,1983,,,Women/Characters,,,,Face,Tea Cup,8.00 cm,5.00 cm,5.23 mm,6.48 mm,4.00 cm,3.00 mm,B,0,110.00 ml,144.06 g,
FSL-167,Jimmy Wu's New China Inn,2430 North Charles Street,Baltimore,MD,1948,1983,,,Women/Characters,,,,,Tea Cup,8.00 cm,5.50 cm,6.13 mm,6.48 mm,4.00 cm,5.00 mm,H,0,130.00 ml,138.92 g,
FSL-168,Jimmy Wu's New China Inn,2430 North Charles Street,Baltimore,MD,1948,1983,,,Women/Characters,,,,,Tea Cup,8.00 cm,5.50 cm,6.30 mm,6.66 mm,4.00 cm,5.00 mm,H,0,130.00 ml,142.51 g,
FSL-171,Jimmy Wu's New China Inn,2430 North Charles Street,Baltimore,MD,1948,1983,,,God of Longevity,,,,,Ash Tray,10.00 cm,2.50 cm,6.12 mm,,5.00 cm,,E,0,,106.85 g,
FSL-283,Jimmy's Oriental Gardens,,Santa Barbara,CA,1947,2006,,,two women/characters,,,C-VII,chinese characters,tea bowl,7.55 cm,5.1 cm,8.5 mm,8.1 mm,3.88 cm,2.2 mm,D,no,100 ml,175.59,
FSL-114,Joy Yuen Low,425 Gin Ling Way,Los Angeles,CA,,,,,yellow lustre/flower,,1960,,Wen,Tea Cup,8.00 cm,5.50 cm,3.75 mm,5.83 mm,3.00 cm,5.00 mm,B,0,110.00 ml,105.19 g,
FSL-099,Kaye's Korner,,Arlington,CA,,,,,Women/Characters,,,,,Tea Cup,7.50 cm,5.00 cm,5.31 mm,7.48 mm,4.00 cm,2.00 mm,D,0,110.00 ml,134.68 g,
FSL-013,Kim's Restaurant,2321 S. Pacific Highway,Medford,OR,1951,2005,,,Women/Characters,,,,,Tea Cup,8,5.50 cm,5.50 mm,7.32 mm,4.00 cm,2.00 mm,B,0,110.00 ml,140.00 g,
FSL-157,Kim's Steak House,1839 South Ninth,Salina,KS,1953,1982,,,Individualized Logo,,,,Picture of a Steaming Steak and Restuarant Name in Cocktail Napkin Style Circle,Ash Tray,10.00 cm,2.50 cm,7.75 mm,,5.00 cm,,G,0,,99.94 g,
FSL-159,Kin Chu Cafe and El Morroco Bar,725 Hennepin Ave.,Minneapolis,MN,,,,,Dragon/Phoenix,,1983,A-IV,,Tea Cup,8.00 cm,5.00 cm,5.46 mm,7.45 mm,4.00 cm,2.00 mm,B,0,110.00 ml,139.95 g,
FSL-214,King Wah Tavern,,Fort Erie ,"Ontario, Canada",,,,,Dragon/Phoenix,,1983,,,Tea Cup,7.50 cm,5.00 cm,4.95 mm,5.76 mm,3.50 cm,3.00 mm,,0,110.00 ml,115.65 g,
FSL-324,Latern Cafe,354 Broadway,Idaho Falls,ID,,,,,custom,,,,Green and pink dragon holding sign,ashtray,,,,,,,D,0,,,Genuine Chinese Food;Phone JA-3-4624
FSL-406,Lee's,0,Santa Maria,CA,,,,,Two Women,,,TW I,1 Chinese character to right of restaurant name,saucer,,,,,,,D,0,,,
FSL-098,Lem's Cafe,320 E. First St.,Los Angeles,CA,,,,,Women/Characters,,,,,Tea Cup,7.50 cm,5.00 cm,5.64 mm,7.09 mm,4.00 cm,2.00 mm,D,0,110.00 ml,135.93 g,
FSL-123,Lem's Restaurant,22039 Sherman Way,Canoga Park,CA,,,,,God of Longevity,,,,,Ash Tray,10.00 cm,2.50 cm,5.77 mm,,5.00 cm,,D,0,,98.78 g,
FSL-104,Lim's Cafe,592 N. Market St.,Redding,CA,1957,2023,,,Women/Characters,,,,Depiction of Restaurant's Neon Sign,Tea Cup,8.00 cm,5.00 cm,6.04 mm,7.74 mm,4.00 cm,2.00 mm,D,0,110.00 ml,149.72 g,
FSL-116,Lim's Cafe,592 N. Market St.,Redding,CA,1957,2023,,,God of Longevity,,,,Depiction of Restaurant's Neon Sign,Ash Tray,10.00 cm,2.50 cm,4.95 mm,,5.00 cm,,D,0,,92.85 g,
FSL-182,Limehouse Restaurant Chinese-American Food,215 Sunny Isles Blvd.,Miami Beach,FL,1952,1982,,,Bird/Flowers,,,B-I ,,Tea Cup,8.00 cm,5.00 cm,6.44 mm,7.42 mm,4.00 cm,5.00 mm,C,0,120.00 ml,143.37 g,
FSL-183,Limehouse Restaurant Chinese-American Food,215 Sunny Isles Blvd.,Miami Beach,FL,1952,1982,,,Bird/Flowers,,,B-I,,Tea Cup,8.00 cm,5.00 cm,6.09 mm,7.30 mm,4.00 cm,5.00 mm,C,0,120.00 ml,143.12 g,
FSL-184,Limehouse Restaurant Chinese-American Food,215 Sunny Isles Blvd.,Miami Beach,FL,1952,1982,,,Bird/Flowers,,,B-I,,Tea Cup,8.00 cm,5.00 cm,6.17 mm,7.30 mm,4.00 cm,5.00 mm,C,0,120.00 ml,142.00 g,
FSL-185,Limehouse Restaurant Chinese-American Food,215 Sunny Isles Blvd.,Miami Beach,FL,1952,1982,,,Bird/Flowers,,,B-I,,Tea Cup,8.00 cm,5.50 cm,6.14 mm,7.85 mm,3.50 cm,5.00 mm,C,0,110.00 ml,145.76 g,
FSL-186,Limehouse Restaurant Chinese-American Food,215 Sunny Isles Blvd.,Miami Beach,FL,1952,1982,,,Bird/Flowers,,,B-I,,Tea Cup,8.00 cm,5.50 cm,5.95 mm,7.64 mm,3.50 cm,5.00 mm,C,0,110.00 ml,138.04 g,
FSL-188,Limehouse Restaurant Chinese-American Food,215 Sunny Isles Blvd.,Miami Beach,FL,1952,1982,,,Bird/Flowers,,,B-I,,Tea Cup,8.00 cm,5.50 cm,6.08 mm,7.75 mm,4.00 cm,5.00 mm,C,0,110.00 ml,137.80 g,
FSL-156,Loo's Restaurant,,Yuma ,AZ,1950,1977,,,God of Longevity,,,,,Ash Tray,10.00 cm,2.50 cm,6.00 mm,,5.00 cm,,D,0,,100.10 g,
FSL-149,Lotus Garden,Indianapolis: 4424 Allisonville Road,Indianopolis and Greenwood,IN,1965,1999,,,God of Longevity,,,,,Ash Tray,10.00 cm,2.50 cm,4.45 mm,,5.00 cm,,G,Yes: Japan,,91.04 g,
FSL-034,Lotus Gardens,2101 W. Burnside,Portland,OR,1955,1963,,,God of Longevity,,,,,Ash Tray,10,2.50 cm,4.86 mm,4.40 mm,5.00 cm,,D,0,,93.50 g,
FSL-400,Lotus Gardens,2101 W. Burnside ,Portland,OR,,,,,Two Women,,,TW I,2 Chinese characters above address,tea cup,,,,,,,B,0,,,Orders To Take Out; Phone CA-3-3289
FSL-325,Lotus Room,1143 Brentwood Blvd.,Richmond Heights,MO,,,,,Bird and Flower,,,BF III,2 Chinese characters at either side of address ,ashtray,,,,,,,D,0,,,Carry out orders; Phone PA-1-1156
FSL-274,Louie's Golden Dragon,,Boise ,ID,,1964,,,yellow lustre/flower,,1960,,Four Symbols ,Tea Cup,7.50 cm,5.50 cm,4.92 mm,7.09 mm,3.5 cm,5.0 mm,B,0,110 ml,116.48 g,
FSL-369,Louie's Golden Dragon,801 Grove St.,Boise,ID,,,,,Dragon/Phoenix,,1983,DP III,2 Chinse characters- 1 to each side of address,tea cup,,,,,,,E,0,,,Phone 343-231
FSL-059,Louie's Restaurant,2819 N. Division,Spokane,WA,1963,1991,,,Women/Characters,,,,,Tea Cup,8.00 cm,5.50 cm,6.74 mm,7.77 mm,3.50 cm,5.00 mm,C,0,110.00 ml,152.00 g,
FSL-056,Main Yon Cafe,5229 South Tacoma Way,Tacoma,WA,1960,,Tom Yon,,Women/Characters,,,,,Tea Cup,7.50 cm,5.00 cm,4.25 mm,7.28 mm,4.00 cm,2.00 mm,B,0,110.00 ml,133.35 g ,
FSL-077,Main Yon Cafe,5229 South Tacoma Way,Tacoma,WA,1960,,Tom Yon,,Dragon/Phoenix,,1983,A-V,Four Bats ,Octagonal Plate (Thick),10.00 cm,3.00 cm,5.43 mm,,6.50 cm,,B,0,,147.90 g,
FSL-084,Man Fook Low,962 So. San Pedro St.,Los Angeles,CA,,,,,Dragon/Phoenix,,1983,A-IV,,Tea Cup,7.50 cm,5.00 cm,5.32 mm,6.69 mm,4.00 cm,3.00 mm,B,0,110.00 ml,140.07 g,
FSL-101,Man Fook Low,962 So. San Pedro St.,Los Angeles,CA,,,,,Dragon/Phoenix,,1983,A-IV,,Tea Cup,7.50 cm,5.00 cm,4.76 mm,6.56 mm,4.00 cm,3.00 mm,B,0,110.00 ml,132.51 g,
FSL-303,Man Fook Low,962 S. San Pedro St.,Los Angeles,CA,,,,,Dragon/Phoenix,,1983,DP IV,,Tea Cup,7.6 cm,5.2 cm,4.7 mm,6.3 mm,3.7 cm,2 mm ,B,0,110 ml,134.9 g,Chinese characters below address
FSL-201,Mark You Restaurant ,1236 Pleasant St.,Fall River ,MA,,,,,Dragon/Phoenix,,1983,A-VIII,"Man in ""Traditional Garb"" Holding a Bowl",Tea Cup,8.00 cm,5.50 cm,5.63 mm,7.31 mm,4.00 cm,3.00 mm,B,0,120.00 ml,144.34 g,
FSL-412,Mei Ling Cafe,189 South L St.,Dinuba,CA,,,,,Two Women,,,TW I,3 red Chinese characters below address,tea cup,,,,,,,K,0,,,Phone 171
FSL-206,Ming Chow's Restaurant ,964 Saratoga St.,Orient HGHTS East Boston,MA,,,,,God of Longevity,,,,,Ash Tray,10.00 cm,2.50 cm,4.72 mm,,5.00 cm,,C,0,,90.30 g,
FSL-088,Ming's,17812 S. Bellflower Blvd.,Bellflower,CA,1952,2018,,,Women/Characters,,,,,Tea Cup,7.50 cm,5.00 cm,7.21 mm,8.06 mm,4.00 cm,3.00 mm,D,0,110.00 ml,142.80 g,
FSL-022,Ming's (Dragon Den),919 River Road,Eugene,OR,,,,,Women/Characters,,,,,Tea Cup,8,5.50 cm,6.63 mm,8.37 mm,4.00 cm,5.00 mm,H,0,110.00 ml,163.67 g,
FSL-384,Miyako,0,San Diego,CA,,,,,Two Women,,,TW I,Chinese character above restaurant name,teacup,,,,,,,K,0,,,
FSL-051,Modern Cafe,2200 E Melrose st.,Walla Walla,WA,1958,2024,,,Bird/Flowers,,,B-III,,Tea Cup,8.00 cm,5.00 cm,6.00 mm,7.00 mm,4.00 cm,1.00 mm,D,0,110.00 ml,153.48 g,
FSL-066,Modern Cafe,2200 E Melrose st.,Walla Walla,WA,1958,2024,,,Bird/Flowers,,,B-III,,Tea Cup,8.00 cm,5.00 cm,5.50 mm,7.00 mm,4.00 cm,2.00 mm,D,0,110.00 ml,142.00 g,
FSL-078,Modern Cafe,2200 E Melrose st.,Walla Walla,WA,1958,2024,,,Individualized Logo,,,,Pagoda and Tree on a Cliff,Ash Tray,10.00 cm,2.50 cm,4.80 mm,,5.00 cm,,D,0,,95.08 g,
FSL-409,Monsoon Restaurant,6107 6th Ave.,Tacoma,WA,1961,,,,God of Longevity ,,,GL I,,ashtray,,,,,,,C,0,,,Phone -- SK-9-5525
FSL-049,Moon Temple,2108 N. 45th. St.,Seattle,WA,,,,,Bird/Flowers,,,B-III,,Tea Cup,8.00 cm,5.00 cm,6.40 mm,8.19 mm,4.00 cm,2.00 mm,D,0,110.00 ml,154.00 g,
FSL-349,Moy's Chinese Restaurant,Young Circle,Hollywood,FL,,,,,two women/characters,,,TW I,Two Chinese characters to left of address,Tea Cup,,,,,,,D,0,,,Orders to take out/ Phone WA-2-4273 https://youtu.be/fQxEoZmDW00?si=ySeI6y9EMssGRqPK
FSL-120,Moytel,,Los Angeles (Chinatown),CA,,,,,God of Longevity,,,,Moytel and Los Angeles Chinatown in Red Oval,Ash Tray,10.00 cm,2.50 cm,4.89 mm,,5.00 cm,,D,0,,96.40 g,
FSL-121,Moytel,,Los Angeles (Chinatown),CA,,,,,God of Longevity,,,,Moytel and Los Angeles Chinatown in Red Oval,Ash Tray,10.00 cm,2.50 cm,5.24 mm,,5.00 cm,,D,0,,95.88 g,
FSL-122,Moytel,,Los Angeles (Chinatown),CA,,,,,God of Longevity,,,,Moytel and Los Angeles Chinatown in Red Oval,Ash Tray,10.00 cm,2.50 cm,4.45 mm,,5.00 cm,,D,0,,94.60 g,
FSL-216,,,,,,,,,Individualized Logo,,,,"Red Dragon depicted along with a Red Sun, Wind, Thunder, and Two Symbols ",Tea Cup,8.00 cm,5.50 cm,5.98 mm,7.47 mm,4.00 cm,5.00 mm,C,0,110.00 ml,137.95 g,
FSL-217,,,,,,,,,Individualized Logo,,,,"Red Dragon depicted along with a Red Sun, Wind, and Thunder ",Tea Cup,8.00 cm,5.50 cm,6.23 mm,7.31 mm,4.00 cm,5.00 mm,C,0,110.00 ml,141.15 g,
FSL-218,,,,,,,,,Dragon/Phoenix,,1983,,,Tea Cup,8.00 cm,5.50 cm,6.14 mm,7.76 mm,3.50 cm,5.00 mm,C,0,110.00 ml,143.00 g,
FSL-219,,,,,,,,,Dragon/Phoenix,,1983,,,Tea Cup,7.50 cm,5.50 cm,6.17 mm,6.83 mm,4.00 cm,5.00 mm,G,0,110.00 ml,141.86 g,
FSL-220,,,,,,,,,Dragon/Phoenix,,1983,,,Tea Cup,8.00 cm,5.50 cm,5.93 mm,7.26 mm,4.00 cm,5.00 mm,C,0,110.00 ml,138.42 g,
FSL-221,,,,,,,,,Women/Characters,,,,,Tea Cup,8.00 cm,5.50 cm,6.43 mm,8.33 mm,4.00 cm,4.00 mm,I,0,120.00 ml,146.60 g,
FSL-222,,,,,,,,,Dragon/Phoenix,,1983,,,Tea Cup,8.00 cm,5.50 cm,6.26 mm,7.29 mm,4.00 cm,5.00 mm,,0,110.00 ml,142.22 g,
FSL-223,,,,,,,,,red dragon,1983,,, ,Tea Cup,8.00 cm,5.50 cm,6.26 mm,7.90 mm,4.00 cm,4.00 mm,I,0,110.00 ml,150.93 g,
FSL-224,,,,,,,,,Dragon/Phoenix,,1983,,,Tea Cup,8.00 cm,5.00 cm,5.78 mm,7.11 mm,4.00 cm,3.00 mm,B,0,110.00 ml,140.40 g,
FSL-225,,,,,,,,,red dragon,1983,,, ,Tea Cup,8.00 cm,5.50 cm,6.89 mm,7.48 mm,4.00 cm,6.00 mm,C,0,110.00 ml,147.79 g,
FSL-226,,,,,,,,,yellow lustre/flower,,1960,,,Tea Cup,7.50 cm,5.50 cm,6.15 mm,5.34 mm,3.00 cm,4.00 mm,B,0,90.00 ml,141.82 g,
FSL-227,,,,,,,,,yellow lustre/flower,,1960,,,Tea Cup,7.50 cm,5.50 cm,6.07 mm,5.61 mm,3.00 cm,4.00 mm,B,0,90.00 ml,137.83 g,
FSL-228,,,,,,,,,yellow lustre/flower,,1960,,,Tea Cup,7.50 cm,5.50 cm,6.70 mm,6.52 mm,3.00 cm,4.00 mm,B,0,90.00 ml,140.24 g,
FSL-229,,,,,,,,,yellow lustre/flower,,1960,,,Tea Cup,7.50 cm,5.50 cm,5.81 mm,5.58 mm,3.00 cm,4.00 mm,B,0,90.00 ml,125.30 g,
FSL-230,,,,,,,,,Dragon/Phoenix,,1983,,Thunder and Wind,Tea Cup,8.00 cm,5.50 cm,6.07 mm,7.29 mm,4.00 cm,5.00 mm,,0,110.00 ml,132.93 g,
FSL-231,,,,,,,,,Women/Characters,,,,"""precious like jade""",Tea Cup,8.00 cm,5.50 cm,5.98 mm,6.84 mm,4.00 cm,5.00 mm,C,0,110.00 ml,148.76 g,
FSL-232,,,,,,,,,red dragon,1983,,, ,Tea Cup,8.00 cm,5.50 cm,6.13 mm,7.73 mm,4.00 cm,4.00 mm,I,0,110.00 ml,150.24 g,
FSL-233,,,,,,,,,Dragon/Phoenix,,1983,,Thunder   ,Tea Cup,7.50 cm,5.50 cm,4.18 mm,2.79 mm,3.00 cm,4.00 mm,E,0,110.00 ml,83.66 g,
FSL-234,,,,,,,,,red dragon,1983,,, ,Tea Cup,8.00 cm,5.50 cm,5.85 mm,7.66 mm,4.00 cm,5.00 mm,C,0,110.00 ml,137.70 g,
FSL-235,,,,,,,,,Dragon/Phoenix,,1983,,Thunder and Wind,Tea Cup,8.00 cm,5.50 cm,5.78 mm,7.41 mm,4.00 cm,5.00 mm,,0,110.00 ml,136.55 g,
FSL-236,,,,,,,,,yellow lustre/flower,,1960,,Thunder and Wind,Tea Cup,7.50 cm,5.50 cm,5.89 mm,5.97 mm,3.00 cm,4.00 mm,B,0,110.00 ml,131.21 g,
FSL-237,,,,,,,,,red dragon,1983,,, ,Tea Cup,8.00 cm,5.50 cm,6.64 mm,8.38 mm,4.00 cm,3.00 mm,I,0,110.00 ml,145.06 g,
FSL-238,,,,,,,,,Women/Characters,,,,"""precious like jade""",Tea Cup,8.00 cm,5.50 cm,6.17 mm,7.68 mm,4.00 cm,6.00 mm,G,0,110.00 ml,149.35 g,
FSL-239,,,,,,,,,red dragon,1983,,, ,Tea Cup,8.00 cm,5.50 cm,6.11 mm,7.37 mm,4.00 cm,5.00 mm,C,0,110.00 ml,141.88 g,
FSL-240,,,,,,,,,yellow lustre/flower,,1960,,,Tea Cup,7.50 cm,5.50 cm,5.18 mm,6.11 mm,3.00 cm,4.00 mm,B,0,110.00 ml,128.74 g,
FSL-241,,,,,,,,,yellow lustre/flower,,1960,,,Tea Cup,7.50 cm,5.50 cm,5.37 mm,6.19 mm,3.50 cm,4.00 mm,B,0,110.00 ml,126.00 g,
FSL-242,,,,,,,,,Women/Characters,,,,"""precious like jade""",Tea Cup,8.00 cm,5.50 cm,7.09 mm,7.90 mm,4.00 cm,3.00 mm,I,0,120.00 ml,148.83 g,
FSL-243,,,,,,,,,Dragon/Phoenix,1983,,,Thunder and Wind,Tea Cup,8.00 cm,5.50 cm,5.87 mm,7.63 mm,4.00 cm,5.00 mm,,0,120.00 ml,137.84 g,
FSL-244,,,,,,,,,Longevity (ATS Set),,,,,Tea Cup,9.00 cm,5.50 cm,2.45 mm,2.15 mm,5.00 cm,7.00 mm,D,0,210.00 ml,85.10 g,
FSL-245,,,,,,,,,Bird/Flowers,,,,,Ash Tray,10.00 cm,2.50 cm,4.76 mm,,5.00 cm,,D,0,,90.77 g,
FSL-246,,,,,,,,,Bird/Flowers,,,,,Ash Tray,10.00 cm,2.50 cm,5.02 mm,,5.00 cm,,D,0,,90.38 g,
FSL-247,,,,,,,,,Bird/Flowers,,,,,Ash Tray,10.00 cm,2.50 cm,4.80 mm,,5.00 cm,,D,0,,89.31 g,
FSL-248,,,,,,,,,God of Longevity,,,,,Ash Tray,10.00 cm,2.50 cm,4.97 mm,,14.00 cm,,D,0,,95.86 g,
FSL-249,,,,,,,,,thunder border,1983,,,,Oval Platter,21.00 cm,2.50 cm,5.58 mm,,14.00 cm,,I,Yes: Japan,,303.81 g,
FSL-250,,,,,,,,,God of Longevity,,,,,Oval Platter,20.50 cm,2.50 cm,6.10 mm,,14.00 cm,,F,0,,388.35 g,
FSL-251,,,,,,,,,thunder border,1983,,,,Oval Platter,21.00 cm,2.50 cm,5.88 mm,,14.00 cm,,F,0,,374.62 g,
FSL-252,,,,,,,,,God of Longevity,,,,,Oval Platter,21.00 cm,2.50 cm,5.69 mm,,14.00 cm,,F,0,,396.14 g,
FSL-253,,,,,,,,,God of Longevity,,,,,Oval Platter,21.00 cm,2.50 cm,6.10 mm,,14.00 cm,,F,0,,342.15 g,
FSL-254,,,,,,,,,God of Longevity,,,,,Oval Platter,21.00 cm,2.50 cm,5.49 mm,,14.00 cm,,I,Yes: Japan,,388.70 g,
FSL-255,,,,,,,,, ,,,,Hexeganol Pattern with Four Symbols inside of Red Circles ,Plate (Round),18.00 cm,2.00 cm,3.49 mm,,11.00 cm,,A,0,,264.64 g,
FSL-256,,,,,,,,, ,,,,Hexeganol Pattern with Four Symbols inside of Red Circles ,Plate (Round),18.00 cm,2.00 cm,3.70 mm,,11.00 cm,,A,0,,263.49 g,
FSL-257,,,,,,,,, ,,,,Hexeganol Pattern with Four Symbols inside of Red Circles ,Plate (Round),18.00 cm,2.00 cm,3.74 mm,,11.00 cm,,A,0,,267.92 g,
FSL-258,,,,,,,,,God of Longevity,,,,Four Symbols ,Saucer,14.00 cm,2.00 cm,3.50 mm,,7.50 cm,,A,0,,134.63 g,
FSL-259,,,,,,,,,Dragon/Phoenix,,1983,,Gold,Saucer,14.50 cm,2.50 cm,3.62 mm,,9.00 cm,,G,0,,145.41 g,
FSL-260,,,,,,,,,Bird/Flowers,,,,,Vegetable Dish ,10.50 cm,3.00 cm,6.00 mm,,5.50 cm,,D,0,,147.93 g,
FSL-261,,,,,,,,,God of Longevity,,,,,Butter/Soy Dish ,8.50 cm,2.00 cm,6.64 mm,,5.00 cm,,I,0,,94.93 g,
FSL-262,,,,,,,,,red dragon,1983,,, ,Rice/Soup Bowl ,10.50 cm,5.00 cm,5.66 mm,6.43 mm,4.50 cm,7.00 mm,I,Yes: Japan,190.00 ml,201.33 g,
FSL-263,,,,,,,,,Women/Characters,,,,"""precious like jade""",Spoon,15.00 cm (Including Handle),1.50 cm (Only Bowl),3.50 mm,,,,D,0,10.00 ml,46.67 g,
FSL-264,,,,,,,,,Individualized Logo,,,,Hexeganol Pattern with Three Symbols inside of Red Circles ,Spoon,14.00 cm (Including Handle),1.50 cm (Only Bowl),3.50 mm,,,,G,0,10.00 ml,38.03 g,
FSL-265,,,,,,,,,Women/Characters,,,,"""precious like jade""",Spoon,15.00 cm (Including Handle),1.50 cm (Only Bowl),3.50 mm,,,,D,0,10.00 ml,45.96 g,
FSL-278,,,,,,,,,Dragon/Phoenix,,,,,Tea Pot (Vertical Body),6.50 cm,14.50 cm,,,8.50 cm,,B,0,600 ml,508.30 g,
FSL-279,,,,,,,,,Women/Characters,,,, ,Tea Pot,7.00 cm,16.50 cm,,,7.50 cm,,A,0,800 ml,482.60 g,
FSL-190,Nanking Restaurant,2002 P Street N. W.,Washington,DC,1955,,,,Individualized Logo,,,,Greek Key and Red Dragon,Tea Cup,7.50 cm,5.00 cm,5.66 mm,7.98 mm,4.00 cm,3.00 mm,D,0,100.00 ml,140.23 g,
FSL-397,New Cathay,2410 S.E. 82nd Ave.,Portland,OR,,,,,Dragon and Phoenix,,1983,DP II,3 red Chinese characters inside cup,tea cup,,,,,,,B,0,,,
FSL-069,New China Cafe,305 E. Whisbkah,Aberdeen,WA,1954,1988,,,Women/Characters,,,,,Tea Cup,8.00 cm,5.50 cm,7.42 mm,8.50 mm,4.00 cm,5.00 mm,C,0,110.00 ml,163.00 g,
FSL-164,New China Inn,803 E. First St. Olovis ,,NM,,,,,God of Longevity,,,,,Ash Tray,10.00 cm,2.50 cm,6.26 mm,,5.00 cm,,D,0,,100.07 g,
FSL-295,New China Restaurant,3710 W. Dempster St.,Skokie ,IL,,,,,two women/characters,,,TW-I,Seated person eating near river,Tea Cup,7.60 cm,5.20 cm,5.80 mm,7.22 mm,3.70 cm,2.00 mm,D,0,108.00 ml,139 g,"Famous Cantonese Food Phones: OR-4-342, OR-3-9415"
FSL-390,New Chinatown Restaurant & Cocktail Lounge,5001 Central Ave. N.E.,Albuerque,NM,1954,2003,,,God of Longevity ,,,GL III,3 red Chinese characters below GL,ashtray,,,,,,,D,0,,,
FSL-272,New Grand Cafe ,117 K St. ,Rock Springs,WY,,,,,Women/Characters,,,,,Tea Cup,8.00 cm,5.50 cm,7.21 mm,7.70 mm,4.0 cm,5.0 mm,E,0,110 ml,155.82 g,
FSL-275,New Grand Cafe ,117 K St.,Rock Springs,WY,,,,,Women/Characters,,,,,Tea Cup,7.50 cm,5.50 cm,6.85 mm,7.35 mm,4.0 cm,5.0 mm,E,0,110 ml,154.17 g,
FSL-045,New Lucky Toy,4718 S. W. California,Seattle,WA,,,,,Bird/Flowers,,,B-II,,Tea Cup,8.00 cm,5.00 cm,5.67 mm,7.50 mm,4.00 cm,5.00 mm,G,0,110.00 ml,140.00 g,
FSL-048,New Moon Cafe,27 East Main St.,Auburn,WA,,,,,Women/Characters,,,,,Tea Cup,7.50 cm,5.00 cm,6.00 mm,8.00 mm,4.00 cm,2.00 mm,D,0,110.00 ml,145.00 g,
FSL-080,New Moon Cafe,9 E. Main St.,Auburn,WA,,,,,God of Longevity,,,,,Ash Tray,10.00 cm,2.50 cm,5.57 mm,,5.00 cm,,C,0,,98.69 g,
FSL-396,New Moon Cafe,27 East Main St.,Auburn,WA,,,,,Two Women,,,TW I,Pagoda and crescent moon; 3 Chinese characters below phone number,tea cup,,,,,,,D,0,,,Foods to take out; Phone TE-3-9949
FSL-318,New Sea Girt,8044 Fort Smallwood Rd.,Baltimore,MD,,,,,Bird and flower,,,BF III,chinese characters above address,Tea Cup,7.6 cm,5.2 cm,8.2 mm,8.5 mm,3.8 cm,2 mm,D,0,96 ml,188.1 g,
FSL-326,New Sea Girt Inn,8015 Fort Smallwood,Baltimore,MD,,,,,Bird and Flower,,,BF III,4 Chinese characters above address,saucer,,,,,,,E,0,,,
FSL-385,New Sea Girt Inn,8044 Fort Smallwood Rd.,Baltimore,MD,,,,,Bird and Flower,,,BF III,4 Chinese characters above address,ashtray,,,,,,,D,0,,,Phone CL-5-6556
FSL-386,New Sea Girt Inn,8044 Fort Smallwood Rd.,Baltimore,MD,,,,,Bird and Flower,,,BF III,4 Chinese characters above address,ashtray,,,,,,,D,0,,,Phone CL-5-6556
FSL-169,New Sea Grit Inn,8015 Fort Smallwood Rd.,Baltimore,MD,1955,1985,,,God of Longevity,,,,,Ash Tray,10.00 cm,2.50 cm,4.39 mm,,5.00 cm,,C,0,,93.64 g,
FSL-170,New Sea Grit Inn,8015 Fort Smallwood Rd.,Baltimore,MD,1955,1985,,,God of Longevity,,,,,Ash Tray,10.00 cm,2.50 cm,5.03 mm,,5.00 cm,,C,Yes: Japan,,95.38 g,
FSL-054,New Shanghai Cafe,117 West Fifth,Olympia,WA,,,,,Bird/Flowers,,,B-III,,Tea Cup,8.00 cm,5.00 cm,8.10 mm,8.50 mm,4.00 cm,2.00 mm,D,0,90.00 ml,184.76 g,
FSL-267,Noodle Grill,512 West Main,Spokane,WA,,,,,Dragon/Phoenix,,1983,A-V open pearl variant,Three Symbols ,Tea Cup,7.50 cm,5.50 cm,4.93 mm,7.30 mm,3.50 cm,5.00 mm,B,0,110.00 ml,115.94 g,
FSL-270,Noodle Grill,512 West Main,Spokane,WA,,,,,Dragon/Phoenix,,1983,A-V,Three Symbols ,Saucer ,12.50 cm,2.00 cm,4.34 mm,,7.00 cm,,B,0,,144.38 g,
FSL-382,Oriental Cafe,0,Pullman,WA,,,,,Bird and Flower,,,BF III,2 red Chinese characters above address,ashtray,,,,,,,D,0,,,"""The Ming Room"" below address"
FSL-011,Oriental Garden Rest,Highway 99W.,McMinnville,OR,,,,,Women/Characters,,,,,Tea Cup,8,5.50 cm,5.50 mm,6.50 mm,3.50 cm,3.00 mm,B,0,110.00 ml,133.00 g,
FSL-126,Oriental Gardens,9846 Magnolia Ave.,Arlington,CA,,,,,God of Longevity,,,,,Ash Tray,10.00 cm,2.50 cm,4.47 mm,,5.00 cm,,C,0,,88.68 g,
FSL-327,Oriental Kitchen,2923 Columbia Pike,Arlington,VA,,,,,God of Longevity,,,GL III,2 red Chinese characters below GofL,ashtray,,,,,,,D,0,,,Broken into two pieces; Carry out; Phone JA-5-2210 JA-7-9844
FSL-282,Oriental Restaurant,116 E. Parrish St. ,Durham,NC,,,,,bird and flower,,,B-III,pagoda tower and chinese characters,tea bowl,7.75 cm ,5.1 cm,8.1 mm,8.1 mm,4.00 cm,2.0 mm,D,no,98 ml,173.02,
FSL-399,Oriental Restaurant,209 Exchange St.,Bangor,ME,,,,,Dragon and Phoenix,,1983,DP IV,3 Chinese characters to right of address,tea cup,,,,,,,B,0,,,Foods To Take Out; Phone 3253
FSL-401,Oriental Restaurant,209 Exchange St.,Bangor,ME,,,,,Dragon and Phoenix,,1983,DP IV,3 Chinese characters to right of address,tea cup,,,,,,,B,0,,,Foods To Take Out; Phone 3253
FSL-373,Oriental Terrace Rest.,5411 Warrensville CTN RD,Maple Heights,OH,,,,,Two Women,,,TW II,2 red Chinese characters above address,tea cup,,,,,,,G,0,,,Phone 475-2880
FSL-086,Pagoda Cafe,911 Glenwood St.,Delano,CA,,,,,Women/Characters,,,,,Tea Cup,7.50 cm,5.00 cm,5.62 mm,6.89 mm,3.50 cm,2.00 mm,B,0,110.00 ml,130.88 g,
FSL-162,Pagoda Restaurant,4971 So. Peoria,Tulsa,OK,,,,,God of Longevity,,,,,Ash Tray,10.00 cm,2.50 cm,4.87 mm,,5.00 cm,,G,0,,90.67 g,
FSL-062,Paragon Restaurant ,1311-15th Ave.,Longview,WA,1972,2015,,,Women/Characters,1972,2000,,,Tea Cup,8.00 cm,5.50 cm,6.37 mm,7.00 mm,4.00 cm,5.00 mm,C,0,110.00 ml,153.17 g,
FSL-063,Paragon Restaurant ,1311-15th Ave.,Longview,WA,1972,2015,,,Women/Characters,1972,2000,,,Tea Cup,8.00 cm,5.50 cm,6.17 mm,7.84 mm,4.00 cm,5.00 mm,G,0,110.00 ml,155.50 g,
FSL-064,Paragon Restaurant ,1311-15th Ave.,Longview,WA,1972,2015,,,Women/Characters,1972,2000,,,Tea Cup,8.00 cm,5.50 cm,6.23 mm,7.54 mm,4.00 cm,5.00 mm,G,0,110.00 ml,153.06 g,
FSL-067,Paragon Restaurant ,1311-15th Ave.,Longview,WA,1972,2015,,,Women/Characters,1972,2000,,,Tea Cup,8.00 cm,5.00 cm,6.00 mm,7.50 mm,3.50 cm,2.00 mm,B,0,110.00 ml,140.50 g,
FSL-068,Paragon Restaurant ,1311-15th Ave.,Longview,WA,1972,2015,,,Women/Characters,1972,2000,,,Tea Cup,8.00 cm,5.50 cm,6.50 mm,8.00 mm,4.00 cm,5.00 mm,G,0,110.00 ml,165.39 g,
FSL-072,Paragon Restaurant ,1311-15th Ave.,Longview,WA,1972,2015,,,Women/Characters,1972,2000,,,Tea Cup,8.00 cm,5.50 cm,6.00 mm,7.43 mm,4.00 cm,5.00 mm,G,0,110.00 ml,148.00 g,
FSL-142,Pekin Pavilion,7437 E. Jefferson Ave.,Detroit,MI,,,,,Women/Characters,,,,,Tea Cup,8.00 cm,5.00 cm,4.95 mm,6.73 mm,4.00 cm,3.00 cm,B,0,110.00 ml,129.42 g,
FSL-189,Peking Restaurant,5522 Connecticut Ave. N.W.,Washington,DC,,,,,Women/Characters,,,,"Temple of Heaven, Beijing",Tea Cup,7.50 cm,5.00 cm,5.82 mm,7.88 mm,4.00 cm,3.00 mm,D,0,100.00 ml,138.60 g,
FSL-009,Republic Cafe,222 N. W. 4th. Ave.,Portland,OR,1922,2023,,,Women/Characters,,,,,Tea Cup,8,5.50 cm,6.60 mm,7.50 mm,4.00 cm,3.00 mm,B,0,110.00 ml,152.00 g,
FSL-016,Republic Cafe,222 N. W. 4th. Ave.,Portland,OR,1922,2023,,,Women/Characters,,,,,Tea Cup,8,5.00 cm,4.00 mm,6.79 mm,4.00 cm,2.00 mm,B,0,130.00 ml ,121.50 g,
FSL-291,Republic Cafe,,Portland,OR,1922,2023,,,Bird/Flowers,,,B-I,,tea bowl,7.6 cm,4.95,5.1,6.6,3.72,4.5,C,0,108,118.08,
FSL-141,Rice Bowl,4539 Broadway,Chicago,IL,,,,,God of Longevity,,,,,Ash Tray,10.00 cm,2.50 cm,5.40 mm,,5.00 cm,,G,0,,99.79 g,
FSL-281,Rice Bowl,,Bakerfield [sic],CA,,,,,red dragon,1983,,,Chinese characters,tea bowl,7.76 cm,5.52 cm,6.50 mm,7.1 mm,3.80 cm,4.5 mm,C,no,113 ml,140.48,
FSL-061,Rice Bowl Cafe,1354 Broadway,Tacoma,WA,1942,1966–1969,Stanley Woo,,Women/Characters,,,,,Tea Cup,7.50 cm,5.00 cm,5.50 mm,6.78 mm,3.50 cm,3.00 mm,B,0,100.00 ml,133.77 g,
FSL-065,Rice Bowl Cafe,1354 Broadway,Tacoma,WA,1952,1966–1969,Stanley Woo,,Women/Characters,,,,,Tea Cup,8.00 cm,5.00 cm,5.00 mm,7.00 mm,3.50 cm,3.00 mm,B,0,110.00 ml,124.00 g,
FSL-012,Rickshaw Inn,14423 S. E. McLoughlin,Milwaukie,OR,,,,,Women/Characters,,,,,Tea Cup,8,5.50 cm,5.29 mm,6.50 mm,3.50 cm,3.00 mm,B,0,110.00 ml,122.50 g,
FSL-027,Rickshaw Inn,14423 S. E. McLoughlin,Milwaukie,OR,,,,,Women/Characters,,,,,Tea Cup,8,5.00 cm,5.76 mm,7.22 mm,4.00 cm,2.00 mm,D,0,110.00 ml,139.00 g,
FSL-087,Royal Canton Cafe,641 First St.,Encinitas,CA,,,,,Women/Characters,,,,Picture of the Restaurant,Tea Cup,8.00 cm,5.00 cm,5.68 mm,7.47 mm,4.00 cm,2.00 mm,D,0,110.00 ml,138.96 g,
FSL-089,Royal Canton Cafe,641 First St.,Encinitas,CA,,,,,Women/Characters,,,,Picture of the Restaurant,Tea Cup,7.50 cm,5.00 cm,5.30 mm,7.35 mm,4.00 cm,2.00 mm,D,0,110.00 ml,133.02 g,
FSL-191,Sampan Cafe,656 Penn. Ave. S.E.,Washington,DC,,,,,Women/Characters,,,,Black and White Sampan,Tea Cup,7.50 cm,5.00 cm,4.94 mm,6.33 mm,3.50 cm,5.00 mm,C,0,100.00 ml,114.18 g,
FSL-107,Sampan Cantonese Cuisine,420 S. Brookhurst,Anaheim,CA,,,,,Women/Characters,,,,Picutre of Sampan at Dock and Chinese Structure,Tea Cup,8.00 cm,5.00 cm,6.56 mm,8.33 mm,4.00 cm,6.00 mm,H,0,110.00 ml,156.10 g,
FSL-113,Sampan Cantonese Cuisine,420 S. Brookhurst,Anaheim,CA,,,,,Women/Characters,,,,Picutre of Sampan at Dock and Chinese Structure,Tea Cup,8.00 cm,5.00 cm,6.02 mm,8.01 mm,4.00 cm,5.00 mm,H,0,110.00 ml,146.72 g,
FSL-124,Sampan Cantonese Cuisine,420 S. Brookhurst,Anaheim,CA,,,,,Individualized Logo,,,,Picutre of Sampan at Dock and Chinese Structure,Ash Tray,10.00 cm,2.50 cm,4.68 mm,,5.00 cm,,C,0,,91.86 g,
FSL-273,Shanghai Cafe,,Pocatello,ID,,,,,Dragon/Phoenix,,1983,A-V ,,Tea Cup,7.50 cm,5.50 cm,4.56 mm,6.79 mm,3.5 cm,5.0 mm,B,0,110 ml,107.71 g,
FSL-348,Shanghai Garden Restaurant,919 Race St.,Philadelphia 7,PA,,,,,Bird and flower,,,BF IV,Chinese characters above address,Tea Cup,7.6cm,5.7cm,,,3.8cm,2cm,B,0,,,
FSL-111,Shanghai Low Cafe,1815 4th. St.,Eureka,CA,,,,,Dragon/Phoenix,,1983,A-VII ,,Tea Cup,8.00 cm,5.50 cm,6.09 mm,7.67 mm,4.00 cm,5.00 mm,C,0,110.00 ml,138.88 g,
FSL-085,Sheng Haw Low Cafe,1052 Third Ave.,San Diego ,CA,1952,1969,Tommy Sheng,,Bird/Flowers,1950–1959,1969,B-IV,Hawaiian girl riding a Stork,Tea Cup,8.00 cm,5.00 cm,5.97 mm,8.35 mm,4.00 cm,3.00 mm,D,0,110.00 ml,140.60 g,
FSL-108,Sheng Haw Low Restaurant,5801 University Ave.,San Diego ,CA,1971,1984,Tommy Sheng,,Individualized Logo,1971,,,Red Dragon,Tea Cup,8.00 cm,5.50 cm,6.52 mm,7.33 mm,4.00 cm,5.00 mm,C,0,110.00 ml,147.76 g,
FSL-006,Silk Hat Cafe,5144 N. E. Union Ave.,Portland,OR,1950,1975,,,Individualized Logo,,,,Silk Hat,Tea Cup,8,5.50 cm,5.55 mm,6.00 mm,3.00 cm,5.00 mm,B,0,100.00 ml,142.00 g,
FSL-008,Silk Hat Cafe,5144 N. E. Union Ave.,Portland,OR,1950,1975,,,Individualized Logo,,,,Silk Hat,Tea Cup,8,5.50 cm,6.00 mm,5.60 mm,3.00 cm,5.00 mm,B,0,100.00 ml,140.00 g,
FSL-015,Silk Hat Cafe,5144 N. E. Union Ave.,Portland,OR,1950,1979,,,Individualized Logo,,,,Silk Hat,Tea Cup,8,5.50 cm,5.00 mm,5.50 mm,3.00 cm,3.00 mm,B,0,110.00 ml,139.50 g,
FSL-031,Silk Hat Cafe,5144 N. E. Union Ave.,Portland,OR,1950,1975,,,Individualized Logo,,,,Silk Hat,Tea Pot (Thin),6,12.50 cm,,,8.00 cm,,B,0,800.00 ml,422.00 g,
FSL-127,Song Hay Restaurant,1180 E. Highland Ave.,San Bernardino,CA,,,,,God of Longevity,,,,,Ash Tray,10.00 cm,2.50 cm,5.37 mm,,5.00 cm,,G,0,,101.05 g,
FSL-040,Soo Hoy Cafe ,632 Bay St. ,Port Orchard,WA,1940,1980–1989,,,Dragon/Phoenix,,1983,A-II,,Tea Cup,7.50 cm,5.00 cm,5.00 mm,6.64 mm,3.00 cm,2.00 mm,B,0,110.00 ml,120.00 g,
FSL-071,South China Cafe,2716 Beacon Ave. ,Seattle,WA,,,,,Bird/Flowers,,,B-II,,Tea Cup,8.00 cm,5.50 cm,6.00 mm,6.86 mm,4.00 cm,5.00 mm,G,0,110.00 ml,152.5 g,
FSL-076,South China Cafe,2716 Beacon Ave. ,Seattle,WA,,,,,Bird/Flowers,,,B-II,,Saucer,12.50 cm,2.00 cm,4.30 mm,,7.00 cm,,G,0,,151.88 g,
FSL-319,South China Cafe,2716 Beacon Ave.,Seattle,WA,,,,,God of Longevity,,,GL III,4 gold Chinese characters above GL,ashtray,,,,,,,A,0,,,
FSL-383,South China Cafe,2716 Beacon Ave.,Seattle,WA,,,,,Bird and Flower,,,BF III,2 Chinese characters to either side of address,teacup,,,,,,,G,0,,,Foods to take out; Phone EA-2-9794
FSL-131,South Pacific Restaurant,28-30 W. Randolph St,Chicago,IL,1954,1981,,,Women/Characters,,,,,Tea Cup,8.00 cm,5.50 cm,6.35 mm,7.96 mm,5.00 cm,5.00 mm,G,0,120.00 ml,156.55 g,
FSL-132,South Pacific Restaurant,28-30 W. Randolph St,Chicago,IL,1954,1981,,,Women/Characters,,,,,Tea Cup,8.00 cm,5.00 cm,7.98 mm,8.35 mm,4.00 cm,2.00 mm,D,0,90.00 ml,183.45 g,
FSL-136,South Pacific Restaurant,28-30 W. Randolph St,Chicago,IL,1954,1981,,,Women/Characters,,,,,Tea Cup,8.00 cm,5.50 cm,6.57 mm,7.96 mm,4.00 cm,6.00 cm,G,0,110.00 ml,148.47 g,
FSL-137,South Pacific Restaurant,28-30 W. Randolph St,Chicago,IL,1954,1981,,,Women/Characters,,,,,Saucer,12.50 cm,2.00 cm,4.67 mm,,7.00 cm,,D,0,,155.19 g,
FSL-407,South Pacific Restaurant,28-30 W. Randolf St.,Chicago,IL,,,,,Two Women,,,TW I,6 Chinese characters below address,saucer,,,,,,,D,0,,,
FSL-363,Sun Chong Lung Chinese Merchandise & Grocery,2220 Wentworth Ave.,Chicago,Ill,,,,,God of Longevity,,,GL III,Three red Chinese characters above address,,,,,,,,D,0,,,Phone CA-5-6050
FSL-154,Sundown Cafe,West on Hwy. 66,Holbrook ,AZ,,,,,Dragon/Phoenix,,1983,A-VII,,Tea Cup,8.00 cm,5.00 cm,6.72 mm,7.87 mm,4.00 cm,5.00 mm,C,Yes: Japan,110.00 ml,151.42 g,
FSL-343,Sunlite Cafe,509 3rd Ave.,Renton,WA,1956,,Fong and Kie L Chinn,,God of Longevity,,,GL II,Chinese characters below GL,Ashtray ,9.7cm,2.5cm,,,4.5cm,3cm,C,yes;Japan,,,Foods to go/Phone BA-8-4320
FSL-344,Sunlite Cafe,509 3rd Ave.,Renton,WA,1956,,Fong and Kie L Chinn,,God of Longevity,,,GL II,Chinese characters below GL,Ashtray ,9.7cm,2.5cm,,,4.5cm,3cm,C,yes;Japan,,,Foods to go/Phone BA-8-4320
FSL-345,Sunlite Cafe,509 3rd Ave.,Renton,WA,1956,,Fong and Kie L Chinn,,God of Longevity,,,GL II,Chinese characters below GL,Ashtray ,9.7cm,2.5cm,,,4.5cm,3cm,C,0,,,Foods to go/Phone BA-8-4320
FSL-346,Sunlite Cafe,509 Third Ave.,Renton,WA,1956,,Fong and Kie L Chinn,,God of Longevity,,,GL III,Rising sun/ red Chinese characters to left of address,Ashtray ,9.8cm,2.5cm,,,4.7cm,2cm,E,0,,,Ashtray is broken into two pieces with some chips missing /measurements are taken from taped vessel -Orders to go/ Phone AL-5-9030
FSL-202,Tai Hong Restaurant,Lynnfield St.,Lynn,MA,,,,,Women/Characters,,,,Tall Pagoda/Tower,Tea Cup,8.00 cm,5.50 cm,6.03 mm,7.89 mm,4.00 cm,3.00 mm,B,0,120.00 ml,146.90 g,
FSL-266,Tai Ping Terrace ,11130 S. W. Barbur Blvd. ,Portland ,OR,1955,1962,,,Women/Characters,,,,,Tea Cup,7.50 cm,5.00 cm,5.14 mm,6.66 mm,3.50 cm,3.00 mm,B,0,110.00 ml,120.31 g,
FSL-194,Tai Tung Restaurant,622 M St. N.W.,Washington,DC,1965,1990,,,Pink Luster,1965,1990,,,Tea Cup,8.00 cm,5.50 cm,5.15 mm,5.41 mm,4.00 cm,3.00 mm,C,0,120.00 ml,127.82 g,
FSL-404,Tai Won Cafe,12543 Bothell Way,Seattle ,WA,,,,,Two Women,,,TW I,2 Chinese characters above address,tea cup,,,,,,,B,0,,,Foods To Take Out; Phone EM-2-9911
FSL-365,Tao Lee Yon,816 Washington St.,San Francisco (Chinatown),CA,,,,,0,,,0,4 Chinese Characters in place of design,tea cup,,,,,,,B,0,,,
FSL-366,Tao Lee Yon,816 Washington St.,San Francisco (China-Town),CA,,,,,0,,,0,4 Chinese characters in place of design,tea cup,,,,,,,B,0,,,
FSL-375,Tao Lee Yon,816 Washington St.,Chinatown-San Francisco,CA,,,,,0,,,,5 red Chinese characters in place of design,rice bowl,,,,,,,H,0,,,
FSL-100,Tao Tao Cafe,175 So. Murphy Ave.,Sunnyvale,CA,1951,,,,Dragon/Phoenix,,1983,,,Tea Cup,7.50 cm,5.00 cm,5.02 mm,6.40 mm,3.50 cm,3.00 mm,,0,110.00 ml,117.21 g,
FSL-106,Tao Tao Cafe,175 So. Murphy Ave.,Sunnyvale,CA,1951,,,,Dragon/Phoenix,1951,1983,A-IV,,Tea Cup,8.00 cm,5.00 cm,5.04 mm,6.43 mm,4.00 cm,3.00 mm,B,0,110.00 ml,141.40 g,
FSL-020,Tea Garden Cafe,8112 N. Denver Ave.,Portland,OR,1950,1973,,,Women/Characters,,1973,,,Tea Cup,8,5.00 cm,5.73 mm,7.67 mm,4.00 cm,2.00 mm,B,0,110.00 ml,150.00 g,
FSL-037,Tea Garden Cafe,8112 N. Denver Ave.,Portland,OR,1950,1973,,,God of Longevity,,1973,,,Ash Tray,10,2.50 cm,6.17 mm,5.41 mm,5.00 cm,,G,0,,108.00 g,
FSL-050 ,Tea Garden Restaurant,,Ellensburg,WA,,,,,Dragon/Phoenix,,1983,A-VII,,Tea Cup,8.00 cm,5.00 cm,5.29 mm,7.00 mm,4.00 cm,4.00 mm,C,0,110.00 ml,131.21 g,
FSL-208,Tea Garden Restaurant,7250 Kelly St.,Pittsburgh,PA,,,,,Women/Characters,,,,"Pagoda, Bridge, Mountains, Hamlet and Trees",Tea Cup,7.50 cm,5.00 cm,5.75 mm,7.95 mm,4.00 cm,3.00 mm,B,0,110.00 ml,143.92 g,
FSL-333,Tea Garden Restaurant,7250 Kelly St.,Pittsburg,PA,,,,,Women/characters,,,TW I,Pagoda with river and bridge,saucer,,,,,,,B,0,,,Dine out at the finest; foods to take out; Phone CH-2-660
FSL-058,Tea House,Greenwood & 97th. North,Seattle,WA,,,,,Women/Characters,,,,,Tea Cup,7.50 cm,5.00 cm,5.18 mm,6.80 mm,4.00 cm,5.00 mm,C,0,110.00 ml,124.50 g,
FSL-060,Tea House,Greenwood & 97th. North,Seattle,WA,,,,,Dragon/Phoenix,,1983,A-III,,Tea Cup,8.00 cm,5.00 cm,6.38 mm,8.00 mm,4.00 cm,2.00 mm,D,0,110.00 ml,148.55 g,
FSL-370,The Cathay,0,0,0,,,,,God of Longevity ,,,GL III,,ashtray,,,,,,,E,0,,,
FSL-371,The Cathay,0,0,0,,,,,God of Longevity ,,,GL III,,ashtray,,,,,,,E,0,,,
FSL-203,The Chin's,190 Washington St.,Westwood,MA,,,,,Longevity and a Bat,,,,"Sampan on Water, Line of People in Front ",Tea Cup,8.00 cm,5.50 cm,5.71 mm,6.79 mm,4.00 cm,6.00 mm,D,0,120.00 ml,138.57 g,
FSL-297,The Golden Buddha,,Sarasota,FL,,,,,two women/characters,,,TW-I,Buddha with four characters,Tea Cup,7.30 cm,5.20 cm,,7.30 mm,3.70 cm,2.00 mm,D,0,100 ml,146.70 g,
FSL-093,The Great Wall,,West Covina,CA,,,,,Women/Characters,,,,,Tea Cup,7.50 cm,5.00 cm,6.58 mm,7.24 mm,4.00 cm,2.00 mm,B,0,90.00 ml,139.95 g,
FSL-172,The Oriental Restaurant ,,Charlotte 2,NC,,,,,Bird/Flowers,,,B-V,,Ash Tray,10.00 cm,2.50 cm,5.62 mm,,5.00 cm,,D,0,,102.63 g,
FSL-173,The Oriental Restaurant ,,Charlotte 2,NC,,,,,Bird/Flowers,,,B-V,,Ash Tray,10.00 cm,2.5 cm,5.95 mm,,5.00 cm,,D,Yes: Japan,,97.56 g,
FSL-001,The Pagoda ,3839 N. E. Broadway,Portland,OR,1939,2008,,,Women/Characters,,,,,Tea Cup,8,5.50 cm,4.00 mm,6.60 mm,4.00 cm,4.00 mm,B,0,120.00 ml,127.00 g,
FSL-019,The Pagoda ,3839 N. E. Broadway,Portland,OR,1939,2008,,,Women/Characters,,,,,Tea Cup,8,5.00 cm,5.35 mm,6.73 mm,4.00 cm,2.00 mm,B,0,110.00 ml,153.00 g,
FSL-032,The Pagoda ,N. E. 39th & Sandy,Portland,OR,1939,2008,,,Dragon/Phoenix,,1983, ,,Tea Pot (Vertical Body),6.5,14.00 cm,,,9.00 cm,,B,0,600.00 ml,497.50 g,
FSL-035,The Pagoda ,3839 N. E. Broadway,Portland,OR,1939,2008,,,Individualized Logo,,,,Picture of the Restaurant,Ash Tray,10,2.50 cm,4.53 mm,4.77 mm,5.00 cm,,D,0,,96.82 g,
FSL-362,The Peach Garden ,3610 Olive St.,St. Louis,MO,,,,,God of Longevity,,,GL III,Two red Chinese Characters on either side of address,ashtray ,,,,,,,D,0,,,Foods to take out/ Phone JE-3-9975
FSL-102,The Polynesian Restaurant,Herschel at Silverado,La Jolla,CA,,,,,Women/Characters,,,,,Tea Cup,8.00 cm,5.00 cm,5.21 mm,7.05 mm,4.00 cm,2.00 mm,D,0,110.00 ml,130.42 g,
FSL-112,The Polynesian Restaurant,Herschel at Silverado,La Jolla,CA,,,,,Women/Characters,,,,,Tea Cup,8.00 cm,5.00 cm,5.05 mm,7.25 mm,4.00 cm,2.00 mm,D,0,110.00 ml,126.70 g,
FSL-105,The Rice Bowl,2804 Highway 99E.,North Chico,CA,,,,,Bird/Flowers,,,B-IV,Rice Bowl with Longeivity Character,Tea Cup,7.50 cm,5.00 cm,6.22 mm,7.91 mm,4.00 cm,2.00 mm,D,0,110.00 ml,152.13 g,
FSL-192,The Sun Restaurant,1775 Colombia Rd. N. W.,Washington,DC,,,,,Women/Characters,,,,A Sun that Looks a lot Like the Sun in the Middle of the ROC Flag and Like the Sun on Top of Mauseleum,Tea Cup,8.00 cm,5.50 cm,5.51 mm,6.67 mm,4.00 cm,3.00 mm,B,Yes: Japan,120.00 ml,136.36 g,
FSL-372,The Three J's,,Portland,OR,,,,,Bird and Flower,,,BF III,,ashtray,,,,,,,D,Yes; Japan,,,Part of set of 12 (this number contains remaining 11 ashtrays still intact in box and FSL-351)
FSL-091,Toa Lee Yon,816 Washigton St.,San Francisco (Chinatown),CA,,,,,Individualized Logo,,,,Wen,Tea Cup,7.50 cm,5.00 cm,4.27 mm,7.14 mm,4.00 cm,2.00 mm,B,0,120.00 ml ,130.44 g,
FSL-096,Tuey Far Ven Cafe,2617 E. Florence Ave.,Huntigton Park,CA,,,,,Dragon/Phoenix,,1983,A-III,,Tea Cup,7.50 cm,5.00 cm,9.25 mm,8.55 mm,4.00 cm,2.00 mm,D,0,90.00 ml,194.10 g,
FSL-053 ,Van Louie,,Silverdale,WA,,,,,Women/Characters,,,,,Tea Cup,8.00 cm,5.50 cm,5.80 mm,6.80 mm,4.00 cm,5.00 mm,H,Yes: Japan,110.00 ml,141.31 g,
FSL-359,Wee's Cafe,4254 W. Thomas Rd.,Phoenix,AZ,,,,,God of Longevity,,,GL III,,ashtray ,,,,,,,D,0,,,Phone 272-1881
FSL-139,Wing Yee,2556 N. Clark St.,Chicago,IL,,,,,God of Longevity,,,,,Ash Tray,10.00 cm,2.50 cm,4.30 mm,,5.00 cm,,G,0,,89.05 g,
FSL-155,Wing's,1617 E. Thomas Rd. ,Phoenix,AZ,,,,,Phoenix,,,I-*,,Tea Cup,7.50 cm,5.00 cm,3.36 mm,2.38 mm,3.00 cm,4.00 mm,B,0,110.00 ml,78.60 g,
FSL-277,Wo Fat Ltd,,Honolulu,HI,,,,,Women/Characters,,,,Four Symbols ,Plate (Round),23.50 cm,3.0 cm,5.88 mm,,14.00 cm,,A,0,,642.80 g,
FSL-293,Wong's Cafe,421 Main Street,Klamath Falls,OR,,2025,,,Dragon/Phoenix,,1983,DP-5,,tea cup,7.6 cm,5.5 cm,5.9 mm,6.3 mm,3.1 cm,0.5 mm,B,0,106,141.5,
FSL-095,Woo's Garden,11035 S. Crenshaw Blvd. ,Inglewood,CA,,,,,Women/Characters,,,,,Tea Cup,7.50 cm,5.00 cm,7.00 mm,8.65 mm,4.00 cm,2.00 mm,D,0,90.00 ml,160.02 g,
FSL-129,Woo's Garden,11035 S. Crenshaw Blvd.,Inglewood,CA,,,,,Bird/Flowers,,,,,Ash Tray,10.00 cm,2.50 cm,4.87 mm,,5.00 cm,,D,0,,94.55 g,
FSL-285,Woo's Pagoda Restaurant, ,Eau Claire,WI,1950,2008,,,two women/characters,,,C-VII,,tea bowl,7.45 cm,4.99 cm,5.3 mm,7.55 mm,3.85 cm,2.0mm,D,no,110 ml,130.8 g,
FSL-119,Yangtze Restaurant ,126 North Euclid Ave.,Ontario,CA,,,,,God of Longevity,,,,,Ash Tray,10.00 cm,2.50 cm,5.48 mm,,5.00 cm,,G,0,,103.35 g,
FSL-094,Yee Hung Guey Cafe,956 N. Hill St,Los Angeles (New Chinatown),CA,,,,,Bird/Flowers,,,B-III,,Tea Cup,7.50 cm,5.00 cm,9.06 mm,8.28 mm,4.00 cm,2.00 mm,D,0,90.00 ml,189.50 g,
FSL-130,Yee's Garden,,El Centro,CA,,,,,God of Longevity,,,,,Ash Tray,10.00 cm,2.50 cm,5.37 mm,,5.00 cm,,D,0,,101.33 g,
FSL-177,Ying's Famous Chinese American Food ,1387 Military Hiway 13,Norfolk,VA,,,,,God of Longevity,,,,Picture of the Restaurant,Tea Cup,8.00 cm,5.50 cm,6.03 mm,7.85 mm,4.00 cm,3.00 mm,B,0,110.00 ml,148.42 g,
FSL-097,Young China Cafe,5122 Whittier Blvd. ,Los Angeles,CA,,,,,Women/Characters,,,,,Tea Cup,8.00 cm,5.50 cm,6.15 mm,6.54 mm,4.00 cm,5.00 mm,H,0,130.00 ml,140.16 g,
FSL-135,Young SIng Restaurant ,2806 N.Clark St.,Chicago,IL,,,,,Women/Characters,,,,,Tea Cup,7.50 cm,5.00 cm,4.97 mm,7.22 mm,4.00 cm,3.00 cm,B,0,110.00 ml,136.06 g,
FSL-103,Yuet Sue's Tea House,2332 S. Mooney Blvd.,Visalia,CA,1959,1973,Sue,,Women/Characters,1959,1973,,,Tea Cup,8.00 cm,5.00 cm,6.02 mm,7.26 mm,4.00 cm,3.00 mm,B,0,110.00 ml,142.58 g,
FSL-309,Yuet Sue's Tea House,2332 S. Mooney Blvd,Visalia,CA,1959,1973,Sue,,God of Longevity,1959,1973,GL I,,Tea Cup,7.6 cm,5.5 cm,6.3 mm,6.5 mm,3.7 cm,5 mm,G,0,113 ml,142.7 g,
FSL-329,Yuet Sue's Tea House,2332 S. Mooney Blvd.,Visalia,CA,1959,1973,Sue,,Bird and Flower,1959,1973,BF III,2 Chinese characters to either side of address,saucer ,,,,,,,D,0,,,Famous Chinese & American Food; Phone RE-2-8632 (address is partially smudged)
FSL-330,Yuet Sue's Tea House,2332 S. Mooney Blvd,Visalia,CA,1959,1973,Sue,,Bird and Flower,1959,1973,BF III,2 Chinese characters to either of side of address,saucer,,,,,,,D,0,,,Famous Chinese & American Food; Phone RE-2-8632 (address is partially smudged)
FSL-331,Yuet Sue's Tea House,2332 S. Mooney Blvd.,Visalia,CA,1959,1973,Sue,,Bird and Flower,1959,1973,BF III,2 Chinese characters to either side of the address,saucer,,,,,,,D,0,,,Famous Chinese & American Food; Phone RE-2-8632 (address is partially smudged)
FSL-332,Yuet Sue's Tea House ,2332 S. Mooney Blvd.,Visalia,CA ,1959,1973,Sue,,Bird and Flower ,1959,1973,BF III,2 Chinese characters to either side of the address,saucer,,,,,,,D,0,,,Famous Chinese & American Food; Phone RE-2-8632 (address is partially smudged)
FSL-296,Yuet Sue's Tea House Famous Chinese & American Food,2332 S. Mooney Blvd,Visalia,CA,1959,1973,Sue,,God of Longevity,1959,1973,GL-III,,Tea Cup,7.60 cm,5.30 cm,5.20 mm,6.1 mm,3.7 cm,5.00 mm,H,0,110.0 ml,144.30 g,
FSL-307,Yuet Sue's Tea House Famous Chinese food & American Food,2332 S. Mooney Blvd,Visalia,CA,1959,1973,Sue,,God of Longevity,1959,1973,GL II,,Tea Cup,7.6 cm,5.3 cm,5 mm,6.7 mm,3.7 cm,5 mm,G,0,106 ml,148.9 g,Chinese characters left and belore name
FSL-308,Yuet Sue's Tea House Famous Chinese food & American Food,2332 S. Mooney Blvd,Visalia,CA,1959,1973,Sue,,God of Longevity,1959,1973,GL II,,Tea Cup,7.6 cm,5.3 cm,5.8 mm,6.8 mm,3.7 cm,5 mm,G,0,113 ml,141.2 g,Chinese characters left and belore name
FSL-310,,,,,,,,,two women/characters,1959,1973,TW II,Characters and no address,Tea Cup,7.6 cm,5.3 cm,7.1 mm,7.9 mm,3.7 cm,5 mm,G,,106 ml,160.4 g,
