__key,lon,lat,Object Number,Restaurant Street address,Restaurant City,State,year opened,year closed,Owner surname(s),Is it in the 1960 Catalog?,pattern,earliest year for artifact,latest year for artifact,Pattern varient,Additional Design,Vessel form,rim diameter (cm),vessel height (in cm),thickness of vessel walls (in mm),thickness of lip (in mm),foot rim diameter (cm),height of foot (in mm),Mark (use letter code sheet),"sticker (use code, 0=none)",volume of cup or teapot in ml,weight (in grams),Additional design
CHINESE TEA ROOM,-123.2608772,44.5650133,FSL-005,128 N. 3rd. St.,Corvallis,OR,,,,,Women / Characters,,,,,Tea Cup,8,5.50 cm,6.33 mm,8.00 mm,4.00 cm,3.00 mm,B,0,104.00 ml,154.00 g,
MING'S,-123.1195696,44.076913,FSL-088,17812 S. Bellflower Blvd.,Bellflower,CA,1952.0,2018.0,,,Women / Characters,,,,,Tea Cup,7.50 cm,5.00 cm,7.21 mm,8.06 mm,4.00 cm,3.00 mm,D,0,110.00 ml,142.80 g,
CHINESE LANTERN,-122.7834267,45.4933732,FSL-187,2120 S. Atlantic Ave.,Daytona Beach,FL,,,,,Women / Characters,,,,,Tea Cup,8.00 cm,5.00 cm,5.51 mm,7.05 mm,4.00 cm,3.00 mm,D,0,110.00 ml,134.90 g,
NAN,-122.633226,45.4185097,FSL-376,,,,,,,,Bird and Flower,,,BF III,design includes red bat ,Saucer,,,,,,,B,0,,,
NAN,-122.633226,45.4185097,FSL-377,,,,,,,,Bird and Flower,,,BF III,design includes red bat ,Saucer,,,,,,,B,0,,,
NAN,-122.633226,45.4185097,FSL-378,,,,,,,,Bird and Flower,,,BF III,design includes red bat ,Saucer,,,,,,,B,0,,,
NAN,-122.633226,45.4185097,FSL-379,,,,,,,,Bird and Flower,,,BF III,design includes red bat ,Saucer,,,,,,,B,0,,,
NAN,-122.633226,45.4185097,FSL-380,,,,,,,,Bird and Flower,,,BF III,design includes red bat on plate face as well as 2 addidtional bats on outer rim of plate,Plate,,,,,,,D,0,,,
NAN,-122.633226,45.4185097,FSL-216,,,,,,,,Individualized Logo,,,,"Red Dragon depicted along with a Red Sun, Wind, Thunder, and Two Symbols ",Tea Cup,8.00 cm,5.50 cm,5.98 mm,7.47 mm,4.00 cm,5.00 mm,C,0,110.00 ml,137.95 g,
NAN,-122.633226,45.4185097,FSL-217,,,,,,,,Individualized Logo,,,,"Red Dragon depicted along with a Red Sun, Wind, and Thunder ",Tea Cup,8.00 cm,5.50 cm,6.23 mm,7.31 mm,4.00 cm,5.00 mm,C,0,110.00 ml,141.15 g,
NAN,-122.633226,45.4185097,FSL-218,,,,,,,,Dragon and Phoenix,,1983.0,,,Tea Cup,8.00 cm,5.50 cm,6.14 mm,7.76 mm,3.50 cm,5.00 mm,C,0,110.00 ml,143.00 g,
NAN,-122.633226,45.4185097,FSL-219,,,,,,,,Dragon and Phoenix,,1983.0,,,Tea Cup,7.50 cm,5.50 cm,6.17 mm,6.83 mm,4.00 cm,5.00 mm,G,0,110.00 ml,141.86 g,
NAN,-122.633226,45.4185097,FSL-220,,,,,,,,Dragon and Phoenix,,1983.0,,,Tea Cup,8.00 cm,5.50 cm,5.93 mm,7.26 mm,4.00 cm,5.00 mm,C,0,110.00 ml,138.42 g,
NAN,-122.633226,45.4185097,FSL-221,,,,,,,,Women / Characters,,,,,Tea Cup,8.00 cm,5.50 cm,6.43 mm,8.33 mm,4.00 cm,4.00 mm,I,0,120.00 ml,146.60 g,
NAN,-122.633226,45.4185097,FSL-222,,,,,,,,Dragon and Phoenix,,1983.0,,,Tea Cup,8.00 cm,5.50 cm,6.26 mm,7.29 mm,4.00 cm,5.00 mm,,0,110.00 ml,142.22 g,
NAN,-122.633226,45.4185097,FSL-223,,,,,,,,Dragon and Phoenix,1983,,, ,Tea Cup,8.00 cm,5.50 cm,6.26 mm,7.90 mm,4.00 cm,4.00 mm,I,0,110.00 ml,150.93 g,
NAN,-122.633226,45.4185097,FSL-224,,,,,,,,Dragon and Phoenix,,1983.0,,,Tea Cup,8.00 cm,5.00 cm,5.78 mm,7.11 mm,4.00 cm,3.00 mm,B,0,110.00 ml,140.40 g,
NAN,-122.633226,45.4185097,FSL-225,,,,,,,,Dragon and Phoenix,1983,,, ,Tea Cup,8.00 cm,5.50 cm,6.89 mm,7.48 mm,4.00 cm,6.00 mm,C,0,110.00 ml,147.79 g,
NAN,-122.633226,45.4185097,FSL-226,,,,,,,,Lustre Floral,,1960.0,,,Tea Cup,7.50 cm,5.50 cm,6.15 mm,5.34 mm,3.00 cm,4.00 mm,B,0,90.00 ml,141.82 g,
NAN,-122.633226,45.4185097,FSL-227,,,,,,,,Lustre Floral,,1960.0,,,Tea Cup,7.50 cm,5.50 cm,6.07 mm,5.61 mm,3.00 cm,4.00 mm,B,0,90.00 ml,137.83 g,
NAN,-122.633226,45.4185097,FSL-228,,,,,,,,Lustre Floral,,1960.0,,,Tea Cup,7.50 cm,5.50 cm,6.70 mm,6.52 mm,3.00 cm,4.00 mm,B,0,90.00 ml,140.24 g,
NAN,-122.633226,45.4185097,FSL-229,,,,,,,,Lustre Floral,,1960.0,,,Tea Cup,7.50 cm,5.50 cm,5.81 mm,5.58 mm,3.00 cm,4.00 mm,B,0,90.00 ml,125.30 g,
NAN,-122.633226,45.4185097,FSL-230,,,,,,,,Dragon and Phoenix,,1983.0,,Thunder and Wind,Tea Cup,8.00 cm,5.50 cm,6.07 mm,7.29 mm,4.00 cm,5.00 mm,,0,110.00 ml,132.93 g,
NAN,-122.633226,45.4185097,FSL-231,,,,,,,,Women / Characters,,,,"""precious like jade""",Tea Cup,8.00 cm,5.50 cm,5.98 mm,6.84 mm,4.00 cm,5.00 mm,C,0,110.00 ml,148.76 g,
NAN,-122.633226,45.4185097,FSL-232,,,,,,,,Dragon and Phoenix,1983,,, ,Tea Cup,8.00 cm,5.50 cm,6.13 mm,7.73 mm,4.00 cm,4.00 mm,I,0,110.00 ml,150.24 g,
NAN,-122.633226,45.4185097,FSL-233,,,,,,,,Dragon and Phoenix,,1983.0,,Thunder   ,Tea Cup,7.50 cm,5.50 cm,4.18 mm,2.79 mm,3.00 cm,4.00 mm,E,0,110.00 ml,83.66 g,
NAN,-122.633226,45.4185097,FSL-234,,,,,,,,Dragon and Phoenix,1983,,, ,Tea Cup,8.00 cm,5.50 cm,5.85 mm,7.66 mm,4.00 cm,5.00 mm,C,0,110.00 ml,137.70 g,
NAN,-122.633226,45.4185097,FSL-235,,,,,,,,Dragon and Phoenix,,1983.0,,Thunder and Wind,Tea Cup,8.00 cm,5.50 cm,5.78 mm,7.41 mm,4.00 cm,5.00 mm,,0,110.00 ml,136.55 g,
NAN,-122.633226,45.4185097,FSL-236,,,,,,,,Lustre Floral,,1960.0,,Thunder and Wind,Tea Cup,7.50 cm,5.50 cm,5.89 mm,5.97 mm,3.00 cm,4.00 mm,B,0,110.00 ml,131.21 g,
NAN,-122.633226,45.4185097,FSL-237,,,,,,,,Dragon and Phoenix,1983,,, ,Tea Cup,8.00 cm,5.50 cm,6.64 mm,8.38 mm,4.00 cm,3.00 mm,I,0,110.00 ml,145.06 g,
NAN,-122.633226,45.4185097,FSL-238,,,,,,,,Women / Characters,,,,"""precious like jade""",Tea Cup,8.00 cm,5.50 cm,6.17 mm,7.68 mm,4.00 cm,6.00 mm,G,0,110.00 ml,149.35 g,
NAN,-122.633226,45.4185097,FSL-239,,,,,,,,Dragon and Phoenix,1983,,, ,Tea Cup,8.00 cm,5.50 cm,6.11 mm,7.37 mm,4.00 cm,5.00 mm,C,0,110.00 ml,141.88 g,
NAN,-122.633226,45.4185097,FSL-240,,,,,,,,Lustre Floral,,1960.0,,,Tea Cup,7.50 cm,5.50 cm,5.18 mm,6.11 mm,3.00 cm,4.00 mm,B,0,110.00 ml,128.74 g,
NAN,-122.633226,45.4185097,FSL-241,,,,,,,,Lustre Floral,,1960.0,,,Tea Cup,7.50 cm,5.50 cm,5.37 mm,6.19 mm,3.50 cm,4.00 mm,B,0,110.00 ml,126.00 g,
NAN,-122.633226,45.4185097,FSL-242,,,,,,,,Women / Characters,,,,"""precious like jade""",Tea Cup,8.00 cm,5.50 cm,7.09 mm,7.90 mm,4.00 cm,3.00 mm,I,0,120.00 ml,148.83 g,
NAN,-122.633226,45.4185097,FSL-243,,,,,,,,Dragon and Phoenix,1983,,,Thunder and Wind,Tea Cup,8.00 cm,5.50 cm,5.87 mm,7.63 mm,4.00 cm,5.00 mm,,0,120.00 ml,137.84 g,
NAN,-122.633226,45.4185097,FSL-244,,,,,,,,God of Longevity,,,,,Tea Cup,9.00 cm,5.50 cm,2.45 mm,2.15 mm,5.00 cm,7.00 mm,D,0,210.00 ml,85.10 g,
NAN,-122.633226,45.4185097,FSL-245,,,,,,,,Bird and Flower,,,,,Ash Tray,10.00 cm,2.50 cm,4.76 mm,,5.00 cm,,D,0,,90.77 g,
NAN,-122.633226,45.4185097,FSL-246,,,,,,,,Bird and Flower,,,,,Ash Tray,10.00 cm,2.50 cm,5.02 mm,,5.00 cm,,D,0,,90.38 g,
NAN,-122.633226,45.4185097,FSL-247,,,,,,,,Bird and Flower,,,,,Ash Tray,10.00 cm,2.50 cm,4.80 mm,,5.00 cm,,D,0,,89.31 g,
NAN,-122.633226,45.4185097,FSL-248,,,,,,,,God of Longevity,,,,,Ash Tray,10.00 cm,2.50 cm,4.97 mm,,14.00 cm,,D,0,,95.86 g,
NAN,-122.633226,45.4185097,FSL-249,,,,,,,,Dragon and Phoenix,1983,,,,Plate,21.00 cm,2.50 cm,5.58 mm,,14.00 cm,,I,Yes: Japan,,303.81 g,
NAN,-122.633226,45.4185097,FSL-250,,,,,,,,God of Longevity,,,,,Plate,20.50 cm,2.50 cm,6.10 mm,,14.00 cm,,F,0,,388.35 g,
NAN,-122.633226,45.4185097,FSL-251,,,,,,,,Dragon and Phoenix,1983,,,,Plate,21.00 cm,2.50 cm,5.88 mm,,14.00 cm,,F,0,,374.62 g,
NAN,-122.633226,45.4185097,FSL-252,,,,,,,,God of Longevity,,,,,Plate,21.00 cm,2.50 cm,5.69 mm,,14.00 cm,,F,0,,396.14 g,
NAN,-122.633226,45.4185097,FSL-253,,,,,,,,God of Longevity,,,,,Plate,21.00 cm,2.50 cm,6.10 mm,,14.00 cm,,F,0,,342.15 g,
NAN,-122.633226,45.4185097,FSL-254,,,,,,,,God of Longevity,,,,,Plate,21.00 cm,2.50 cm,5.49 mm,,14.00 cm,,I,Yes: Japan,,388.70 g,
NAN,-122.633226,45.4185097,FSL-255,,,,,,,,Custom / Misc Pattern,,,,Hexeganol Pattern with Four Symbols inside of Red Circles ,Plate,18.00 cm,2.00 cm,3.49 mm,,11.00 cm,,A,0,,264.64 g,
NAN,-122.633226,45.4185097,FSL-256,,,,,,,,Custom / Misc Pattern,,,,Hexeganol Pattern with Four Symbols inside of Red Circles ,Plate,18.00 cm,2.00 cm,3.70 mm,,11.00 cm,,A,0,,263.49 g,
NAN,-122.633226,45.4185097,FSL-257,,,,,,,,Custom / Misc Pattern,,,,Hexeganol Pattern with Four Symbols inside of Red Circles ,Plate,18.00 cm,2.00 cm,3.74 mm,,11.00 cm,,A,0,,267.92 g,
NAN,-122.633226,45.4185097,FSL-258,,,,,,,,God of Longevity,,,,Four Symbols ,Saucer,14.00 cm,2.00 cm,3.50 mm,,7.50 cm,,A,0,,134.63 g,
NAN,-122.633226,45.4185097,FSL-259,,,,,,,,Dragon and Phoenix,,1983.0,,Gold,Saucer,14.50 cm,2.50 cm,3.62 mm,,9.00 cm,,G,0,,145.41 g,
NAN,-122.633226,45.4185097,FSL-260,,,,,,,,Bird and Flower,,,,,Dish,10.50 cm,3.00 cm,6.00 mm,,5.50 cm,,D,0,,147.93 g,
NAN,-122.633226,45.4185097,FSL-261,,,,,,,,God of Longevity,,,,,Dish,8.50 cm,2.00 cm,6.64 mm,,5.00 cm,,I,0,,94.93 g,
NAN,-122.633226,45.4185097,FSL-262,,,,,,,,Dragon and Phoenix,1983,,, ,Bowl,10.50 cm,5.00 cm,5.66 mm,6.43 mm,4.50 cm,7.00 mm,I,Yes: Japan,190.00 ml,201.33 g,
NAN,-122.633226,45.4185097,FSL-263,,,,,,,,Women / Characters,,,,"""precious like jade""",Spoon,15.00 cm (Including Handle),1.50 cm (Only Bowl),3.50 mm,,,,D,0,10.00 ml,46.67 g,
NAN,-122.633226,45.4185097,FSL-264,,,,,,,,Individualized Logo,,,,Hexeganol Pattern with Three Symbols inside of Red Circles ,Spoon,14.00 cm (Including Handle),1.50 cm (Only Bowl),3.50 mm,,,,G,0,10.00 ml,38.03 g,
NAN,-122.633226,45.4185097,FSL-265,,,,,,,,Women / Characters,,,,"""precious like jade""",Spoon,15.00 cm (Including Handle),1.50 cm (Only Bowl),3.50 mm,,,,D,0,10.00 ml,45.96 g,
NAN,-122.633226,45.4185097,FSL-278,,,,,,,,Dragon and Phoenix,,,,,Tea Pot,6.50 cm,14.50 cm,,,8.50 cm,,B,0,600 ml,508.30 g,
NAN,-122.633226,45.4185097,FSL-279,,,,,,,,Women / Characters,,,, ,Tea Pot,7.00 cm,16.50 cm,,,7.50 cm,,A,0,800 ml,482.60 g,
NAN,-122.633226,45.4185097,FSL-310,,,,,,,,Women / Characters,1959,1973.0,TW II,Characters and no address,Tea Cup,7.6 cm,5.3 cm,7.1 mm,7.9 mm,3.7 cm,5 mm,G,,106 ml,160.4 g,
CHIN'S CAFE,-123.3523698,43.201058,FSL-017,1614 S. E. Stephens St.,Roseburg,OR,1960.0,2012.0,,,Bird and Flower,,,B-II,,Tea Cup,8,5.50 cm,6.50 mm,7.87 mm,4.00 cm,5.00 mm,G,0,120.00 ml,159.00 g,
CHIN'S CAFE,-123.3523698,43.201058,FSL-024,1614 S. E. Stephens St.,Roseburg,OR,1960.0,2012.0,,,Bird and Flower,,,B-II,,Tea Cup,8,5.50 cm,6.81 mm,8.00 mm,4.00 cm,5.00 mm,G,0,110.00 ml,159.00 g,
CHIN'S CAFE,-123.3523698,43.201058,FSL-25,1614 S. E. Stephens St.,Roseburg,OR,1960.0,2012.0,,,Bird and Flower,,,B-II,,Tea Cup,8,5.50 cm,6.56 mm,8.00 mm,4.00 cm,5.00 mm,G,0,110.00 ml,163.00 g,
CHINA CAFE,-123.0196998,44.9566675,FSL-002,2055 Fairgrounds Rd. N. E.,Salem,OR,1949.0,1973.0,,,Bird and Flower,,,B-III,,Tea Cup,8,5.50 cm,6.00 mm,7.70 mm,4.00 cm,3.00 mm,D,0,110.00 ml,146.00 g,
CHINA CAFE,-123.0196998,44.9566675,FSL-026,2055 Fairgrounds Road,Salem,OR,1949.0,1973.0,,,Lustre Floral,,,,,Tea Cup,8,5.50 cm,5.41 mm,6.38 mm,3.00 cm,4.00 mm,B,0,110.00 ml,125.36 g,
CHINA CAFE,-123.0196998,44.9566675,FSL-367,2055 Fairgrounds Road,Salem,OR,,,,,Custom / Misc Pattern,,,,3 Chinese characters in cup along rim,Tea Cup,,,,,,,B,0,,,
CHINA CITY CAFE,-123.0410395,44.9036901,FSL-018,3555 S. Commercial,Salem,OR,1953.0,1972.0,,,Women / Characters,,,,,Tea Cup,8,5.00 cm,4.63 mm,6.50 mm,4.00 cm,2.00 mm,B,0,110.00 ml,136.46 g,
CHINA CITY CAFE,-123.0410395,44.9036901,FSL-023,3555 S. Commercial,Salem,OR,1953.0,1972.0,,,Women / Characters,,,,,Tea Cup,8,5.00 cm,5.00 mm,6.39 mm,4.00 cm,3.00 mm,B,0,110.00 ml,134.50 g,
FORTUNE COOKIE,-123.1359542,44.8839021,FSL-003,4900 N. River Rd.,Salem,OR,1971.0,1988.0,,,Dragon and Phoenix,,1983.0,A-VI,,Tea Cup,8,5.50 cm,5.37 mm,5.60 mm,4.00 cm,5.00 mm,C,0,130.00 ml,128.00 g,
CHUNGKING CAFE,-117.9106628,33.8363569,FSL-083,327 E. Center Street,Anaheim,CA,,,,,Women / Characters,,,C-VII,"""In the City with Disneyland"" Logo",Tea Cup,7.50 cm,5.00 cm,3.68 mm,2.50 mm,3.00 cm,4.00 mm,D,0,110.00 ml,80.05 g,
MAN FOOK LOW,-118.2511548,34.0362663,FSL-084,962 So. San Pedro St.,Los Angeles,CA,,,,yes,Dragon and Phoenix,,1983.0,A-IV,,Tea Cup,7.50 cm,5.00 cm,5.32 mm,6.69 mm,4.00 cm,3.00 mm,B,0,110.00 ml,140.07 g,
MAN FOOK LOW,-118.2511548,34.0362663,FSL-101,962 So. San Pedro St.,Los Angeles,CA,,,,yes,Dragon and Phoenix,,1983.0,A-IV,,Tea Cup,7.50 cm,5.00 cm,4.76 mm,6.56 mm,4.00 cm,3.00 mm,B,0,110.00 ml,132.51 g,
MAN FOOK LOW,-118.2511548,34.0362663,FSL-303,962 S. San Pedro St.,Los Angeles,CA,,,,yes,Dragon and Phoenix,,1983.0,DP IV,,Tea Cup,7.6 cm,5.2 cm,4.7 mm,6.3 mm,3.7 cm,2 mm ,B,0,110 ml,134.9 g,Chinese characters below address
SHENG HAW LOW CAFE,-117.1623264,32.72658835,FSL-085,1052 Third Ave.,San Diego ,CA,1952.0,1969.0,Tommy Sheng,,Bird and Flower,1950‚Äì1959,1969.0,B-IV,Hawaiian girl riding a Stork,Tea Cup,8.00 cm,5.00 cm,5.97 mm,8.35 mm,4.00 cm,3.00 mm,D,0,110.00 ml,140.60 g,
PAGODA CAFE,-119.2488956,35.7678052,FSL-086,911 Glenwood St.,Delano,CA,,,,,Women / Characters,,,,,Tea Cup,7.50 cm,5.00 cm,5.62 mm,6.89 mm,3.50 cm,2.00 mm,B,0,110.00 ml,130.88 g,
ROYAL CANTON CAFE,-117.2926095,33.0374095,FSL-087,641 First St.,Encinitas,CA,,,,,Women / Characters,,,,Picture of the Restaurant,Tea Cup,8.00 cm,5.00 cm,5.68 mm,7.47 mm,4.00 cm,2.00 mm,D,0,110.00 ml,138.96 g,
ROYAL CANTON CAFE,-117.2926095,33.0374095,FSL-089,641 First St.,Encinitas,CA,,,,,Women / Characters,,,,Picture of the Restaurant,Tea Cup,7.50 cm,5.00 cm,5.30 mm,7.35 mm,4.00 cm,2.00 mm,D,0,110.00 ml,133.02 g,
MING'S,-118.1248403,33.8708284,FSL-088,17812 S. Bellflower Blvd.,Bellflower,CA,1952.0,2018.0,,,Women / Characters,,,,,Tea Cup,7.50 cm,5.00 cm,7.21 mm,8.06 mm,4.00 cm,3.00 mm,D,0,110.00 ml,142.80 g,
HOLLY CAFE,-122.390885,40.584862,FSL-090,1429 Market St.,Redding,CA,,,,yes,Women / Characters,,,C-III,,Tea Cup,8.00 cm,5.50 cm,5.88 mm,6.84 mm,4.00 cm,5.00 mm,G,0,120.00 ml,134.37 g,
HOLLY CAFE,-122.390885,40.584862,FSL-306,,Reddings,CA,,,,yes,Dragon and Phoenix,,1983.0,DPV,,Tea Cup,7.6 cm,5 cm,5.1 mm,6.7 mm,3.3 cm,2 mm,B,0,106 ml,118.7 g,Chinese characters below address/ Also take out orders
TOA LEE YON,-122.406882,37.795288,FSL-091,816 Washigton St.,San Francisco (Chinatown),CA,,,,,Individualized Logo,,,,Wen,Tea Cup,7.50 cm,5.00 cm,4.27 mm,7.14 mm,4.00 cm,2.00 mm,B,0,120.00 ml ,130.44 g,
EDNARAY RESTAURANT,-121.9802068,37.2293915,FSL-092,406 N. Santa Cruz Ave.,Los Gatos,CA,1963.0,1997.0,,,Individualized Logo,,,,Pagoda and Green Border,Tea Cup,7.50 cm,5.00 cm,8.67 mm,7.83 mm,4.00 cm,2.00 mm,D,0,90.00 ml,183.11 g,
YEE HUNG GUEY CAFE,-118.2377462,34.0658857,FSL-094,956 N. Hill St,Los Angeles (New Chinatown),CA,,,,,Bird and Flower,,,B-III,,Tea Cup,7.50 cm,5.00 cm,9.06 mm,8.28 mm,4.00 cm,2.00 mm,D,0,90.00 ml,189.50 g,
WOO'S GARDEN,-118.3267264,33.93482243,FSL-095,11035 S. Crenshaw Blvd. ,Inglewood,CA,,,,,Women / Characters,,,,,Tea Cup,7.50 cm,5.00 cm,7.00 mm,8.65 mm,4.00 cm,2.00 mm,D,0,90.00 ml,160.02 g,
WOO'S GARDEN,-118.3267264,33.93482243,FSL-129,11035 S. Crenshaw Blvd.,Inglewood,CA,,,,,Bird and Flower,,,,,Ash Tray,10.00 cm,2.50 cm,4.87 mm,,5.00 cm,,D,0,,94.55 g,
TUEY FAR VEN CAFE,-118.2246616,33.9741482,FSL-096,2617 E. Florence Ave.,Huntigton Park,CA,,,,,Dragon and Phoenix,,1983.0,A-III,,Tea Cup,7.50 cm,5.00 cm,9.25 mm,8.55 mm,4.00 cm,2.00 mm,D,0,90.00 ml,194.10 g,
YOUNG CHINA CAFE,-118.1591815,34.0205683,FSL-097,5122 Whittier Blvd. ,Los Angeles,CA,,,,,Women / Characters,,,,,Tea Cup,8.00 cm,5.50 cm,6.15 mm,6.54 mm,4.00 cm,5.00 mm,H,0,130.00 ml,140.16 g,
LEM'S CAFE,-118.2405989,34.0498094,FSL-098,320 E. First St.,Los Angeles,CA,,,,yes,Women / Characters,,,,,Tea Cup,7.50 cm,5.00 cm,5.64 mm,7.09 mm,4.00 cm,2.00 mm,D,0,110.00 ml,135.93 g,
TAO TAO CAFE,-122.03058,37.3765069,FSL-100,175 So. Murphy Ave.,Sunnyvale,CA,1951.0,,,yes,Dragon and Phoenix,,1983.0,,,Tea Cup,7.50 cm,5.00 cm,5.02 mm,6.40 mm,3.50 cm,3.00 mm,,0,110.00 ml,117.21 g,
TAO TAO CAFE,-122.03058,37.3765069,FSL-106,175 So. Murphy Ave.,Sunnyvale,CA,1951.0,,,yes,Dragon and Phoenix,1951,1983.0,A-IV,,Tea Cup,8.00 cm,5.00 cm,5.04 mm,6.43 mm,4.00 cm,3.00 mm,B,0,110.00 ml,141.40 g,
THE POLYNESIAN RESTAURANT,-117.2727949,32.8453906,FSL-102,Herschel at Silverado,La Jolla,CA,,,,,Women / Characters,,,,,Tea Cup,8.00 cm,5.00 cm,5.21 mm,7.05 mm,4.00 cm,2.00 mm,D,0,110.00 ml,130.42 g,
THE POLYNESIAN RESTAURANT,-117.2727949,32.8453906,FSL-112,Herschel at Silverado,La Jolla,CA,,,,,Women / Characters,,,,,Tea Cup,8.00 cm,5.00 cm,5.05 mm,7.25 mm,4.00 cm,2.00 mm,D,0,110.00 ml,126.70 g,
YUET SUE'S TEA HOUSE,-119.313446,36.3095368,FSL-103,2332 S. Mooney Blvd.,Visalia,CA,1959.0,1973.0,Sue,,Women / Characters,1959,1973.0,,,Tea Cup,8.00 cm,5.00 cm,6.02 mm,7.26 mm,4.00 cm,3.00 mm,B,0,110.00 ml,142.58 g,
YUET SUE'S TEA HOUSE,-119.313446,36.3095368,FSL-309,2332 S. Mooney Blvd,Visalia,CA,1959.0,1973.0,Sue,,God of Longevity,1959,1973.0,GL I,,Tea Cup,7.6 cm,5.5 cm,6.3 mm,6.5 mm,3.7 cm,5 mm,G,0,113 ml,142.7 g,
YUET SUE'S TEA HOUSE,-119.313446,36.3095368,FSL-329,2332 S. Mooney Blvd.,Visalia,CA,1959.0,1973.0,Sue,,Bird and Flower,1959,1973.0,BF III,2 Chinese characters to either side of address,Saucer,,,,,,,D,0,,,Famous Chinese & American Food; Phone RE-2-8632 (address is partially smudged)
YUET SUE'S TEA HOUSE,-119.313446,36.3095368,FSL-330,2332 S. Mooney Blvd,Visalia,CA,1959.0,1973.0,Sue,,Bird and Flower,1959,1973.0,BF III,2 Chinese characters to either of side of address,Saucer,,,,,,,D,0,,,Famous Chinese & American Food; Phone RE-2-8632 (address is partially smudged)
YUET SUE'S TEA HOUSE,-119.313446,36.3095368,FSL-331,2332 S. Mooney Blvd.,Visalia,CA,1959.0,1973.0,Sue,,Bird and Flower,1959,1973.0,BF III,2 Chinese characters to either side of the address,Saucer,,,,,,,D,0,,,Famous Chinese & American Food; Phone RE-2-8632 (address is partially smudged)
YUET SUE'S TEA HOUSE,-119.313446,36.3095368,FSL-332,2332 S. Mooney Blvd.,Visalia,CA ,1959.0,1973.0,Sue,,Bird and Flower,1959,1973.0,BF III,2 Chinese characters to either side of the address,Saucer,,,,,,,D,0,,,Famous Chinese & American Food; Phone RE-2-8632 (address is partially smudged)
LIM'S CAFE,-122.3861163,40.5980927,FSL-104,592 N. Market St.,Redding,CA,1957.0,2023.0,,,Women / Characters,,,,Depiction of Restaurant's Neon Sign,Tea Cup,8.00 cm,5.00 cm,6.04 mm,7.74 mm,4.00 cm,2.00 mm,D,0,110.00 ml,149.72 g,
LIM'S CAFE,-122.3861163,40.5980927,FSL-116,592 N. Market St.,Redding,CA,1957.0,2023.0,,,God of Longevity,,,,Depiction of Restaurant's Neon Sign,Ash Tray,10.00 cm,2.50 cm,4.95 mm,,5.00 cm,,D,0,,92.85 g,
SAMPAN CANTONESE CUISINE,-117.9584908,33.826877,FSL-107,420 S. Brookhurst,Anaheim,CA,,,,,Women / Characters,,,,Picutre of Sampan at Dock and Chinese Structure,Tea Cup,8.00 cm,5.00 cm,6.56 mm,8.33 mm,4.00 cm,6.00 mm,H,0,110.00 ml,156.10 g,
SAMPAN CANTONESE CUISINE,-117.9584908,33.826877,FSL-113,420 S. Brookhurst,Anaheim,CA,,,,,Women / Characters,,,,Picutre of Sampan at Dock and Chinese Structure,Tea Cup,8.00 cm,5.00 cm,6.02 mm,8.01 mm,4.00 cm,5.00 mm,H,0,110.00 ml,146.72 g,
SAMPAN CANTONESE CUISINE,-117.9584908,33.826877,FSL-124,420 S. Brookhurst,Anaheim,CA,,,,,Individualized Logo,,,,Picutre of Sampan at Dock and Chinese Structure,Ash Tray,10.00 cm,2.50 cm,4.68 mm,,5.00 cm,,C,0,,91.86 g,
SHENG HAW LOW RESTAURANT,-117.072099,32.748746,FSL-108,5801 University Ave.,San Diego ,CA,1971.0,1984.0,Tommy Sheng,,Individualized Logo,1971,,,Red Dragon,Tea Cup,8.00 cm,5.50 cm,6.52 mm,7.33 mm,4.00 cm,5.00 mm,C,0,110.00 ml,147.76 g,
ACE CHOP SUEY,-122.2226109,37.7760634,FSL-109,7001 E. 14th St.,Oakland,CA,1942.0,,,yes,Women / Characters,,,C-VI ,,Tea Cup,8.00 cm,5.00 cm,5.28 mm,7.11 mm,3.50 cm,3.00 mm,B,0,110.00 ml,125.07 g,
ASIA CHOP SUEY,-118.3527083,33.8665372,FSL-110,859 N. Hawthorne Blvd.,Hawthorne,CA,,,,yes,Dragon and Phoenix,,1983.0,A-V,,Tea Cup,7.50 cm,5.00 cm,5.49 mm,7.12 mm,3.50 cm,3.00 mm,B,0,110.00 ml,125.27 g,
SHANGHAI LOW CAFE,-124.1520756,40.8048913,FSL-111,1815 4th. St.,Eureka,CA,,,,,Dragon and Phoenix,,1983.0,A-VII ,,Tea Cup,8.00 cm,5.50 cm,6.09 mm,7.67 mm,4.00 cm,5.00 mm,C,0,110.00 ml,138.88 g,
NANKING RESTAURANT,-77.0452913,38.9094481,FSL-190,2002 P Street N. W.,Washington,DC,1955.0,,,,Individualized Logo,,,,Greek Key and Red Dragon,Tea Cup,7.50 cm,5.00 cm,5.66 mm,7.98 mm,4.00 cm,3.00 mm,D,0,100.00 ml,140.23 g,
PEKING RESTAURANT,-77.075368,38.963658,FSL-189,5522 Connecticut Ave. N.W.,Washington,DC,,,,,Women / Characters,,,,"Temple of Heaven, Beijing",Tea Cup,7.50 cm,5.00 cm,5.82 mm,7.88 mm,4.00 cm,3.00 mm,D,0,100.00 ml,138.60 g,
SAMPAN CAFE,-76.99672,38.885242,FSL-191,656 Penn. Ave. S.E.,Washington,DC,,,,,Women / Characters,,,,Black and White Sampan,Tea Cup,7.50 cm,5.00 cm,4.94 mm,6.33 mm,3.50 cm,5.00 mm,C,0,100.00 ml,114.18 g,
GUNG HO RESTAURANT,-77.0505349,38.8986756,FSL-193,4406 G. Street N.W.,Washington,DC,,,,,Dragon and Phoenix,,1983.0,A-IV,,Tea Cup,8.00 cm,5.50 cm,5.53 mm,6.80 mm,4.00 cm,5.00 mm,B,0,120.00 ml,136.70 g,
CHIN'S RESTAURANT,-77.0523762,38.9240658,FSL-195,2614 Connecticut Avenue N.W.,Washington,DC,,,,,Women / Characters,,,,,Tea Cup,8.00 cm,5.00 cm,7.71 mm,7.53 mm,4.00 cm,2.00 mm,D,0,90.00 ml,171.27 g,
TAI TUNG RESTAURANT,-77.0210103,38.9056459,FSL-194,622 M St. N.W.,Washington,DC,1965.0,1990.0,,,Lustre Floral,1965,1990.0,,,Tea Cup,8.00 cm,5.50 cm,5.15 mm,5.41 mm,4.00 cm,3.00 mm,C,0,120.00 ml,127.82 g,
CHINESE LANTERN,-80.9944529,29.19778,FSL-187,2120 S. Atlantic Ave.,Daytona Beach,FL,,,,,Women / Characters,,,,,Tea Cup,8.00 cm,5.00 cm,5.51 mm,7.05 mm,4.00 cm,3.00 mm,D,0,110.00 ml,134.90 g,
GEORGE'S RESTAURANT,-117.02855,46.4039369,FSL-276,,North Lewiston,ID,,,,,God of Longevity,,,,,Ash Tray,10.00 cm,2.50 cm,5.68 mm,,5.00 cm,,D,Yes: Japan,,99.13 g,
GOLDEN DRAGON,-116.2035244,43.6139395,FSL-391,1042 W. Highland Ave.,San Bernardino,CA,,,,yes,Custom / Misc Pattern,,,0,Golden Dragon; 2 Chinese characters at the right of address; 2 Chinese characters at the left of address,Ash Tray,,,,,,,D,0,,,Free Parking; food to go; Phone TU-3-3719
SHANGHAI CAFE,-112.4467064,42.8642856,FSL-273,,Pocatello,ID,,,,,Dragon and Phoenix,,1983.0,A-V ,,Tea Cup,7.50 cm,5.50 cm,4.56 mm,6.79 mm,3.5 cm,5.0 mm,B,0,110 ml,107.71 g,
HONG KONG RESTAURANT,-88.2576394,40.1305757,FSL-138,,Champaign,IL,,,,,Women / Characters,,,,,Plate,16.00 cm,2.00 cm,4.09 mm,,9.50 cm,,A,0,,211.36 g,
HONG KONG RESTAURANT,-88.2576394,40.1305757,FSL-148,3011 Amarillo Blvd. on Highway 66 & 60,Amarillo,TX,1955.0,1992.0,Jew/Chew,,God of Longevity,,,,,Ash Tray,10.00 cm,2.50 cm,4.47 mm,,5.00 cm,,D,0,,91.89 g,
HONG KONG RESTAURANT,-88.2576394,40.1305757,FSL-287,New Chinatown,Los Angeles ,CA,,,,,Dragon and Phoenix,,1983.0,A-IV,Chinese Characters,Bowl,7.52 cm,5.2cm,4.6 mm,6.9 mm,3.75 cm,2 mm,B,0,96 ml,126.5,
HONG KONG RESTAURANT,-88.2576394,40.1305757,FSL-389,27139 Chagrin Blvd.,Cleveland,OH,,,,,God of Longevity,,,GL I,3 Chinese characters at right side of address,Ash Tray,,,,,,,E,0,,,Orders to go; Phone 831-1818 (smudged)
JIMMY WONG'S,-87.6265419,41.8763133,FSL-134,,Chicago,IL,1957.0,1997.0,,,Dragon and Phoenix,,1983.0,A-III,Smiling Buddha,Tea Cup,7.50 cm,5.00 cm,7.77 mm,5.49 mm,4.00 cm,2.00 mm,D,0,110.00 ml,137.95 g,
RICE BOWL,-87.6569822,41.9646763,FSL-141,4539 Broadway,Chicago,IL,,,,yes,God of Longevity,,,,,Ash Tray,10.00 cm,2.50 cm,5.40 mm,,5.00 cm,,G,0,,99.79 g,
RICE BOWL,-87.6569822,41.9646763,FSL-281,,Bakerfield [sic],CA,,,,yes,Dragon and Phoenix,1983,,,Chinese characters,Bowl,7.76 cm,5.52 cm,6.50 mm,7.1 mm,3.80 cm,4.5 mm,C,no,113 ml,140.48,
SOUTH PACIFIC RESTAURANT,-87.6288622,41.8844844,FSL-131,28-30 W. Randolph St,Chicago,IL,1954.0,1981.0,,,Women / Characters,,,,,Tea Cup,8.00 cm,5.50 cm,6.35 mm,7.96 mm,5.00 cm,5.00 mm,G,0,120.00 ml,156.55 g,
SOUTH PACIFIC RESTAURANT,-87.6288622,41.8844844,FSL-132,28-30 W. Randolph St,Chicago,IL,1954.0,1981.0,,,Women / Characters,,,,,Tea Cup,8.00 cm,5.00 cm,7.98 mm,8.35 mm,4.00 cm,2.00 mm,D,0,90.00 ml,183.45 g,
SOUTH PACIFIC RESTAURANT,-87.6288622,41.8844844,FSL-136,28-30 W. Randolph St,Chicago,IL,1954.0,1981.0,,,Women / Characters,,,,,Tea Cup,8.00 cm,5.50 cm,6.57 mm,7.96 mm,4.00 cm,6.00 cm,G,0,110.00 ml,148.47 g,
SOUTH PACIFIC RESTAURANT,-87.6288622,41.8844844,FSL-137,28-30 W. Randolph St,Chicago,IL,1954.0,1981.0,,,Women / Characters,,,,,Saucer,12.50 cm,2.00 cm,4.67 mm,,7.00 cm,,D,0,,155.19 g,
SOUTH PACIFIC RESTAURANT,-87.6288622,41.8844844,FSL-407,28-30 W. Randolf St.,Chicago,IL,,,,,Women / Characters,,,TW I,6 Chinese characters below address,Saucer,,,,,,,D,0,,,
YOUNG SING RESTAURANT,-87.6428127,41.9291293,FSL-135,2806 N.Clark St.,Chicago,IL,,,,,Women / Characters,,,,,Tea Cup,7.50 cm,5.00 cm,4.97 mm,7.22 mm,4.00 cm,3.00 cm,B,0,110.00 ml,136.06 g,
LOTUS GARDEN,-86.1188557,39.8368801,FSL-149,Indianapolis: 4424 Allisonville Road,Indianopolis and Greenwood,IN,1965.0,1999.0,,,God of Longevity,,,,,Ash Tray,10.00 cm,2.50 cm,4.45 mm,,5.00 cm,,G,Yes: Japan,,91.04 g,
24/66 RESTAURANT,-98.116851,39.4812532,FSL-158,US 24 Highway & K14,Beloit,KS,,,,,God of Longevity,,,,"Arrow Shape Separating 24 and 66, Like a Neon Sign",Ash Tray,10.00 cm,2.50 cm,6.03 mm,,5.00 cm,,D,0,,103.19 g,
KIM'S STEAK HOUSE,-97.6125558,38.8109892,FSL-157,1839 South Ninth,Salina,KS,1953.0,1982.0,,,Individualized Logo,,,,Picture of a Steaming Steak and Restuarant Name in Cocktail Napkin Style Circle,Ash Tray,10.00 cm,2.50 cm,7.75 mm,,5.00 cm,,G,0,,99.94 g,
ALBERT'S,-97.2611126,37.6786428,FSL-411,6425 E Kellogg,Wichita ,KA,,,,yes,Women / Characters,,,TW I,,Tea Cup,,,,,,,J,0,,,
BOB LEE'S LANTERN HOUSE,-71.0605693,42.3507412,FSL-200,20 Tyler St. ,Boston ,MA,1952.0,1960.0,,,Individualized Logo,,,,Red Dragon,Tea Cup,7.50 cm,5.00 cm,5.89 mm,7.84 mm,4.00 cm,3.00 mm,B,0,100.00 ml,144.20 g,
GAMSUN,-71.0602927,42.3506127,FSL-204,21 Hudson Street,Boston ,MA,1940.0,1962.0,,,Women / Characters,,,,Mountain with a Sky Pagoda and Palm Tree,Tea Cup,8.00 cm,5.50 cm,5.77 mm,7.79 mm,4.00 cm,3.00 mm,B,0,120.00 ml,152.57 g,
MARK YOU RESTAURANT,-71.136241,41.6926971,FSL-201,1236 Pleasant St.,Fall River ,MA,,,,,Dragon and Phoenix,,1983.0,A-VIII,"Man in ""Traditional Garb"" Holding a Bowl",Tea Cup,8.00 cm,5.50 cm,5.63 mm,7.31 mm,4.00 cm,3.00 mm,B,0,120.00 ml,144.34 g,
TAI HONG RESTAURANT,-70.9644089,42.4873088,FSL-202,Lynnfield St.,Lynn,MA,,,,,Women / Characters,,,,Tall Pagoda/Tower,Tea Cup,8.00 cm,5.50 cm,6.03 mm,7.89 mm,4.00 cm,3.00 mm,B,0,120.00 ml,146.90 g,
MING CHOW'S RESTAURANT,-71.0085664,42.3871416,FSL-206,964 Saratoga St.,Orient HGHTS East Boston,MA,,,,,God of Longevity,,,,,Ash Tray,10.00 cm,2.50 cm,4.72 mm,,5.00 cm,,C,0,,90.30 g,
CATHAY CITY,-71.0443795,42.1669012,FSL-207,266 N. Main St. Route 28,Randolph,MA,,,,,God of Longevity,,,,,Ash Tray,10.00 cm,2.50 cm,6.27 mm,,5.00 cm,,D,0,,110.42 g,
HO SAI GAI,-71.152289,42.3037437,FSL-205,1020 W. Roxbury Pkwy.,South Brookline,MA,,,,,Dragon and Phoenix,,1983.0,A-VIII,Woman in Imperial Dress Holding a Tray,Tea Cup,8.00 cm,5.50 cm,5.97 mm,8.25 mm,4.00 cm,3.00 mm,B,0,120.00 ml,142.96 g,
THE CHIN'S,-71.1871989,42.2223926,FSL-203,190 Washington St.,Westwood,MA,,,,,God of Longevity,,,,"Sampan on Water, Line of People in Front ",Tea Cup,8.00 cm,5.50 cm,5.71 mm,6.79 mm,4.00 cm,6.00 mm,D,0,120.00 ml,138.57 g,
JIMMY WU'S NEW CHINA INN,-76.6172029,39.3171449,FSL-166,2430 North Charles Street,Baltimore,MD,1948.0,1983.0,,,Women / Characters,,,,Face,Tea Cup,8.00 cm,5.00 cm,5.23 mm,6.48 mm,4.00 cm,3.00 mm,B,0,110.00 ml,144.06 g,
JIMMY WU'S NEW CHINA INN,-76.6172029,39.3171449,FSL-167,2430 North Charles Street,Baltimore,MD,1948.0,1983.0,,,Women / Characters,,,,,Tea Cup,8.00 cm,5.50 cm,6.13 mm,6.48 mm,4.00 cm,5.00 mm,H,0,130.00 ml,138.92 g,
JIMMY WU'S NEW CHINA INN,-76.6172029,39.3171449,FSL-168,2430 North Charles Street,Baltimore,MD,1948.0,1983.0,,,Women / Characters,,,,,Tea Cup,8.00 cm,5.50 cm,6.30 mm,6.66 mm,4.00 cm,5.00 mm,H,0,130.00 ml,142.51 g,
JIMMY WU'S NEW CHINA INN,-76.6172029,39.3171449,FSL-171,2430 North Charles Street,Baltimore,MD,1948.0,1983.0,,,God of Longevity,,,,,Ash Tray,10.00 cm,2.50 cm,6.12 mm,,5.00 cm,,E,0,,106.85 g,
NEW SEA GIRT INN,-76.5326533,39.1700362,FSL-326,8015 Fort Smallwood,Baltimore,MD,,,,,Bird and Flower,,,BF III,4 Chinese characters above address,Saucer,,,,,,,E,0,,,
NEW SEA GIRT INN,-76.5326533,39.1700362,FSL-385,8044 Fort Smallwood Rd.,Baltimore,MD,,,,,Bird and Flower,,,BF III,4 Chinese characters above address,Ash Tray,,,,,,,D,0,,,Phone CL-5-6556
NEW SEA GIRT INN,-76.5326533,39.1700362,FSL-386,8044 Fort Smallwood Rd.,Baltimore,MD,,,,,Bird and Flower,,,BF III,4 Chinese characters above address,Ash Tray,,,,,,,D,0,,,Phone CL-5-6556
BILL WOO CHOP SUEY,-82.934631,42.4040153,FSL-144,16618 E. Warren Ave. ,Detroit,MI,,,,,Women / Characters,,,,,Tea Cup,8.00 cm,5.00 cm,5.16 mm,6.42 mm,4.00 cm,3.00 cm,B,0,110.00 ml,143.30 g,
EVERGREEN GARDENS,-83.2438333,42.4296459,FSL-143,20430 W. Seven Mile Rd.,Detroit,MI,,,,,Women / Characters,,,,,Tea Cup,8.00 cm,5.00 cm,5.42 mm,7.10 mm,4.00 cm,3.00 cm,B,0,110.00 ml,138.19 g,
EVERGREEN GARDENS,-83.2438333,42.4296459,FSL-145,20430 W. Seven Mile Rd.,Detroit,MI,,,,,Women / Characters,,,,,Saucer,12.50 cm,2.00 cm,4.53 mm,,7.00 cm,,B,0,,143.96 g,
PEKIN PAVILION,-82.998836,42.349111,FSL-142,7437 E. Jefferson Ave.,Detroit,MI,,,,,Women / Characters,,,,,Tea Cup,8.00 cm,5.00 cm,4.95 mm,6.73 mm,4.00 cm,3.00 cm,B,0,110.00 ml,129.42 g,
CHU WAH RESTAURANT AND LOUNGE,-90.2250112,38.6355848,FSL-161,9628 Olive St. Road,St. Louis,MO,1970.0,,,,Individualized Logo,,,,"""Traditionally"" Dressed Character with Hat and Queue Holding a Tray of Food and a Tray of Drinks",Ash Tray,10.00 cm,2.50 cm,5.33 mm,,5.00 cm,,D,0,,85.92 g,
CANTON CAFE,-78.6454146,35.7809457,FSL-021,S. W. Emigrant at 5th,Pendleton,OR,1960.0,1975.0,,yes,Bird and Flower,,,B-III,,Tea Cup,8,5.00 cm,6.00 mm,7.46 mm,4.00 cm,2.00 mm,D,0,110.00 ml,150.00 g,
CANTON CAFE,-78.6454146,35.7809457,FSL-041,205 S.G St. ,Aberdeen,WA,1950.0,2025.0,,yes,Dragon and Phoenix,1950,1983.0,A-VII,,Tea Cup,7.50 cm,5.00 cm,5.20 mm,6.50 mm,4.00 cm,5.00 mm,C,0,110.00 ml,125.50 g,
CANTON CAFE,-78.6454146,35.7809457,FSL-160,408 Hillsboro,Raleigh,NC,1969.0,1996.0,,yes,Dragon and Phoenix,,,I-*,Two Figures and an Incense Burner,Tea Cup,8.00 cm,5.00 cm,6.49 mm,8.76 mm,4.00 cm,3.00 mm,D,0,110.00 ml,141.70 g,
CANTON CAFE,-78.6454146,35.7809457,FSL-288,2550 Washington Blvd. ,Ogden,WA,,,,yes,Dragon and Phoenix,,1983.0,A-V,Chinese characters,Bowl,7.58 cm,5.32. cm,5.47 mm,6.5 mm,3.21 cm,4.5 mm,B,0,95 ml,117,
CANTON CAFE,-78.6454146,35.7809457,FSL-299,205 South G St.,Aberdeen,WA,1959.0,2025.0,,yes,Dragon and Phoenix,1950,1983.0,DPIV,,Tea Cup,7.4 cm,5.2 cm,5.2 mm,6.95 mm,3.2 cm,2 mm,K,0,106 ml,127.1 g,
CANTON CAFE,-78.6454146,35.7809457,FSL-403,205 South G St.,Aberdeen ,WA,1959.0,2025.0,,yes,Dragon and Phoenix,1950,1983.0,DP IV,3 red Chinese characters inside of cup,Tea Cup,,,,,,,B,0,,,
ORIENTAL RESTAURANT,-78.8997245,35.9951625,FSL-282,116 E. Parrish St. ,Durham,NC,,,,,Bird and Flower,,,B-III,pagoda tower and chinese characters,Bowl,7.75 cm ,5.1 cm,8.1 mm,8.1 mm,4.00 cm,2.0 mm,D,no,98 ml,173.02,
ORIENTAL RESTAURANT,-78.8997245,35.9951625,FSL-399,209 Exchange St.,Bangor,ME,,,,,Dragon and Phoenix,,1983.0,DP IV,3 Chinese characters to right of address,Tea Cup,,,,,,,B,0,,,Foods To Take Out; Phone 3253
ORIENTAL RESTAURANT,-78.8997245,35.9951625,FSL-401,209 Exchange St.,Bangor,ME,,,,,Dragon and Phoenix,,1983.0,DP IV,3 Chinese characters to right of address,Tea Cup,,,,,,,B,0,,,Foods To Take Out; Phone 3253
CHINA HOUSE,-71.4630952,42.993225,FSL-174,1044 Elm Street,Manchester,NH,1968.0,,,,Bird and Flower,,,B-III,chinese woman with modern hair/dress,Tea Cup,7.50 cm,5.00 cm,8.82 mm,7.89 mm,4.00 cm,2.00 mm,D,0,90.00 ml,184.93 g,
NEW CHINA INN,-103.1960904,34.3983335,FSL-164,803 E. First St. Olovis ,,NM,,,,,God of Longevity,,,,,Ash Tray,10.00 cm,2.50 cm,6.26 mm,,5.00 cm,,D,0,,100.07 g,
CHIN'S PAGODA RESTAURANT,-81.5654526,41.502776,FSL-151,2092 Lee Road,Cleveland,OH,,,,,Women / Characters,,,,Tall Pagoda in Front of a Cloud or Rock,Tea Cup,7.50 cm,5.00 cm,5.27 mm,6.28 mm,4.00 cm,3.00 cm,B,0,110.00 ml,143.95 g,
CHIN'S PAGODA RESTAURANT,-81.5654526,41.502776,FSL-152,2092 Lee Road,Cleveland,OH,,,,,Women / Characters,,,,Tall Pagoda in Front of a Cloud or Rock,Saucer,12.50 cm,2.00 cm,4.74 mm,,6.50 cm,,B,0,,150.87 g,
CHIAM RESTAURANT,-81.7861566,41.4317044,FSL-153,6857 W. 136th. St.,Parma Heights,OH,,,,,God of Longevity,,,,,Ash Tray,10.00 cm,2.50 cm,5.13 mm,,5.00 cm,,C,0,,91.86 g,
CHINESE VILLAGE,-122.5787136,45.5186786,FSL-004,520 S. E. 82nd Ave.,Portland,OR,1949.0,2018.0,"Jim Chin, Wm. H. Chinn and Tom N. Low",yes,Women / Characters,,,,,Tea Cup,8,5.50 cm,6.00 mm,7.00 mm,4.00 cm,5.00 mm,G,0,110.00 ml,154.00 g,
CHINESE VILLAGE,-122.5787136,45.5186786,FSL-007,520 S. E. 82nd Ave.,Portland,OR,1949.0,2018.0,"Jim Chin, Wm. H. Chinn and Tom N. Low",yes,Women / Characters,,,,,Tea Cup,8,5.00 cm,5.55 mm,8.00 mm,4.00 cm,3.00 mm,D,0,100.00 ml,143.00 g,
CHINESE VILLAGE,-122.5787136,45.5186786,FSL-010,520 S. E. 82nd Ave.,Portland,OR,1949.0,2018.0,"Jim Chin, Wm. H. Chinn and Tom N. Low",yes,Women / Characters,,,,,Tea Cup,8,5.50 cm,6.33 mm,7.00 mm,4.00 cm,5.00 mm,G,0,110.00 ml,141.00 g,
CHINESE VILLAGE,-122.5787136,45.5186786,FSL-028,520 S. E. 82nd Ave.,Portland,OR,1949.0,2018.0,"Jim Chin, Wm. H. Chinn and Tom N. Low",yes,Bird and Flower,,,,,Vase,8,21.00 cm,5.13 mm,10.00 mm,8.50 cm,,B,0,900.00 ml,652.00 g,
CHINESE VILLAGE,-122.5787136,45.5186786,FSL-030,520 S. E. 82nd Ave.,Portland,OR,1949.0,2018.0,"Jim Chin, Wm. H. Chinn and Tom N. Low",yes,Women / Characters,,,,,Tea Pot,6.5,14.00 cm,,,8.50 cm,,D,0,600.00 ml ,572.50 g,
CHINESE VILLAGE,-122.5787136,45.5186786,FSL-033,520 S. E. 82nd Ave.,Portland,OR,1949.0,2018.0,"Jim Chin, Wm. H. Chinn and Tom N. Low",yes,God of Longevity,,,,,Ash Tray,10,2.50 cm,5.59 mm,5.59 mm,5.00 cm,,D,0,,94.00 g,
CHINESE VILLAGE,-122.5787136,45.5186786,FSL-036,520 S. E. 82nd Ave. ,Portland,OR,1949.0,2018.0,"Jim Chin, Wm. H. Chinn and Tom N. Low",yes,God of Longevity,,,,,Ash Tray,10,2.50 cm,4.61 mm,4.46 mm,5.00 cm,,D,Yes: Japan,,88.88 g,
CHINESE VILLAGE,-122.5787136,45.5186786,FSL-029,520 S. E. 82nd Ave.,Portland,OR,1949.0,2018.0,"Jim Chin, Wm. H. Chinn and Tom N. Low",yes,Women / Characters,,,,,Plate,8,2.50 cm,4.26 mm,,11.50 cm,,A,0,,348.50 g,
GOLDEN DRAGON RESTAURANT,-122.6732444,45.5218525,FSL-209,1012 Saw Mill Run Blvd.,Pittsburgh,PA,,,,,Women / Characters,,,,"Black and White Dragon, Possibly with a Pearl",Tea Cup,7.50 cm,5.00 cm,6.04 mm,7.93 mm,4.00 cm,3.00 mm,D,0,110.00 ml,143.90 g,
HI HAT RESTAURANT,-122.7394487,45.4435876,FSL-038,11311 S. W. Barbur Blvd.,Portland,OR,1955.0,2011.0,,,God of Longevity,,,,,Ash Tray,10.00 cm,2.50 cm,4.31 mm,5.07 mm,5.00 cm,,D,0,,96.00 g,
LOTUS GARDEN,-122.6943311,45.5232169,FSL-149,Indianapolis: 4424 Allisonville Road,Indianopolis and Greenwood,IN,1965.0,1999.0,,,God of Longevity,,,,,Ash Tray,10.00 cm,2.50 cm,4.45 mm,,5.00 cm,,G,Yes: Japan,,91.04 g,
NEW CATHAY,-122.5783664,45.5050767,FSL-397,2410 S.E. 82nd Ave.,Portland,OR,,,,,Dragon and Phoenix,,1983.0,DP II,3 red Chinese characters inside cup,Tea Cup,,,,,,,B,0,,,
REPUBLIC CAFE,-122.6742641,45.5249368,FSL-009,222 N. W. 4th. Ave.,Portland,OR,1922.0,2023.0,,yes,Women / Characters,,,,,Tea Cup,8,5.50 cm,6.60 mm,7.50 mm,4.00 cm,3.00 mm,B,0,110.00 ml,152.00 g,
REPUBLIC CAFE,-122.6742641,45.5249368,FSL-016,222 N. W. 4th. Ave.,Portland,OR,1922.0,2023.0,,yes,Women / Characters,,,,,Tea Cup,8,5.00 cm,4.00 mm,6.79 mm,4.00 cm,2.00 mm,B,0,130.00 ml ,121.50 g,
REPUBLIC CAFE,-122.6742641,45.5249368,FSL-291,,Portland,OR,1922.0,2023.0,,yes,Bird and Flower,,,B-I,,Bowl,7.6 cm,4.95,5.1,6.6,3.72,4.5,C,0,108,118.08,
SILK HAT CAFE,-122.6618092,45.514246,FSL-006,5144 N. E. Union Ave.,Portland,OR,1950.0,1975.0,,yes,Individualized Logo,,,,Silk Hat,Tea Cup,8,5.50 cm,5.55 mm,6.00 mm,3.00 cm,5.00 mm,B,0,100.00 ml,142.00 g,
SILK HAT CAFE,-122.6618092,45.514246,FSL-008,5144 N. E. Union Ave.,Portland,OR,1950.0,1975.0,,yes,Individualized Logo,,,,Silk Hat,Tea Cup,8,5.50 cm,6.00 mm,5.60 mm,3.00 cm,5.00 mm,B,0,100.00 ml,140.00 g,
SILK HAT CAFE,-122.6618092,45.514246,FSL-015,5144 N. E. Union Ave.,Portland,OR,1950.0,1979.0,,yes,Individualized Logo,,,,Silk Hat,Tea Cup,8,5.50 cm,5.00 mm,5.50 mm,3.00 cm,3.00 mm,B,0,110.00 ml,139.50 g,
SILK HAT CAFE,-122.6618092,45.514246,FSL-031,5144 N. E. Union Ave.,Portland,OR,1950.0,1975.0,,yes,Individualized Logo,,,,Silk Hat,Tea Pot,6,12.50 cm,,,8.00 cm,,B,0,800.00 ml,422.00 g,
TAI PING TERRACE,-122.7330351,45.4448469,FSL-266,11130 S. W. Barbur Blvd. ,Portland ,OR,1955.0,1962.0,,,Women / Characters,,,,,Tea Cup,7.50 cm,5.00 cm,5.14 mm,6.66 mm,3.50 cm,3.00 mm,B,0,110.00 ml,120.31 g,
TEA GARDEN CAFE,-122.6865686,45.5819393,FSL-020,8112 N. Denver Ave.,Portland,OR,1950.0,1973.0,,yes,Women / Characters,,1973.0,,,Tea Cup,8,5.00 cm,5.73 mm,7.67 mm,4.00 cm,2.00 mm,B,0,110.00 ml,150.00 g,
TEA GARDEN CAFE,-122.6865686,45.5819393,FSL-037,8112 N. Denver Ave.,Portland,OR,1950.0,1973.0,,yes,God of Longevity,,1973.0,,,Ash Tray,10,2.50 cm,6.17 mm,5.41 mm,5.00 cm,,G,0,,108.00 g,
THE PAGODA,-122.6231905,45.5353533,FSL-001,3839 N. E. Broadway,Portland,OR,1939.0,2008.0,,yes,Women / Characters,,,,,Tea Cup,8,5.50 cm,4.00 mm,6.60 mm,4.00 cm,4.00 mm,B,0,120.00 ml,127.00 g,
THE PAGODA,-122.6231905,45.5353533,FSL-019,3839 N. E. Broadway,Portland,OR,1939.0,2008.0,,yes,Women / Characters,,,,,Tea Cup,8,5.00 cm,5.35 mm,6.73 mm,4.00 cm,2.00 mm,B,0,110.00 ml,153.00 g,
THE PAGODA,-122.6231905,45.5353533,FSL-032,N. E. 39th & Sandy,Portland,OR,1939.0,2008.0,,yes,Dragon and Phoenix,,1983.0, ,,Tea Pot,6.5,14.00 cm,,,9.00 cm,,B,0,600.00 ml,497.50 g,
THE PAGODA,-122.6231905,45.5353533,FSL-035,3839 N. E. Broadway,Portland,OR,1939.0,2008.0,,yes,Individualized Logo,,,,Picture of the Restaurant,Ash Tray,10,2.50 cm,4.53 mm,4.77 mm,5.00 cm,,D,0,,96.82 g,
FORMOSA CAFE,-122.6610189,45.576613,FSL-014,7410 N. E. Union Ave.,Portland,OR,1952.0,2015.0,"Tom Fong, William Chin",,Dragon and Phoenix,,1983.0,A-VI,,Tea Cup,8,5.50 cm,6.50 mm,7.63 mm,4.00 cm,5.00 mm,G,0,110.00 ml,158.40 g,
FORMOSA CAFE,-122.6610189,45.576613,FSL-300,7410 N.E. Union Ave.,Portland,OR,1952.0,2015.0,"Tom Fong, William Chin",,Dragon and Phoenix,,1983.0,DPVI,,Tea Cup,7.6 cm,5.4 cm,6.3 mm,7.2 mm,3.7 cm,5 mm,C,0,110 ml,146.9 g,Phone 285-2922 chinese characters below address
PAGODA RESTAURANT,-95.9749523,36.0904469,FSL-162,4971 So. Peoria,Tulsa,OK,,,,,God of Longevity,,,,,Ash Tray,10.00 cm,2.50 cm,4.87 mm,,5.00 cm,,G,0,,90.67 g,
CANTON CAFE,-123.0554477,43.6935284,FSL-021,S. W. Emigrant at 5th,Pendleton,OR,1960.0,1975.0,,yes,Bird and Flower,,,B-III,,Tea Cup,8,5.00 cm,6.00 mm,7.46 mm,4.00 cm,2.00 mm,D,0,110.00 ml,150.00 g,
CANTON CAFE,-123.0554477,43.6935284,FSL-041,205 S.G St. ,Aberdeen,WA,1950.0,2025.0,,yes,Dragon and Phoenix,1950,1983.0,A-VII,,Tea Cup,7.50 cm,5.00 cm,5.20 mm,6.50 mm,4.00 cm,5.00 mm,C,0,110.00 ml,125.50 g,
CANTON CAFE,-123.0554477,43.6935284,FSL-160,408 Hillsboro,Raleigh,NC,1969.0,1996.0,,yes,Dragon and Phoenix,,,I-*,Two Figures and an Incense Burner,Tea Cup,8.00 cm,5.00 cm,6.49 mm,8.76 mm,4.00 cm,3.00 mm,D,0,110.00 ml,141.70 g,
CANTON CAFE,-123.0554477,43.6935284,FSL-288,2550 Washington Blvd. ,Ogden,WA,,,,yes,Dragon and Phoenix,,1983.0,A-V,Chinese characters,Bowl,7.58 cm,5.32. cm,5.47 mm,6.5 mm,3.21 cm,4.5 mm,B,0,95 ml,117,
CANTON CAFE,-123.0554477,43.6935284,FSL-299,205 South G St.,Aberdeen,WA,1959.0,2025.0,,yes,Dragon and Phoenix,1950,1983.0,DPIV,,Tea Cup,7.4 cm,5.2 cm,5.2 mm,6.95 mm,3.2 cm,2 mm,K,0,106 ml,127.1 g,
CANTON CAFE,-123.0554477,43.6935284,FSL-403,205 South G St.,Aberdeen ,WA,1959.0,2025.0,,yes,Dragon and Phoenix,1950,1983.0,DP IV,3 red Chinese characters inside of cup,Tea Cup,,,,,,,B,0,,,
WING'S,-112.0468452,33.4798882,FSL-155,1617 E. Thomas Rd. ,Phoenix,AZ,,,,,Dragon and Phoenix,,,I-*,,Tea Cup,7.50 cm,5.00 cm,3.36 mm,2.38 mm,3.00 cm,4.00 mm,B,0,110.00 ml,78.60 g,
LOO'S RESTAURANT,-114.6251818,32.6891948,FSL-156,,Yuma ,AZ,1950.0,1977.0,,,God of Longevity,,,,,Ash Tray,10.00 cm,2.50 cm,6.00 mm,,5.00 cm,,D,0,,100.10 g,
JIMMY'S ORIENTAL GARDENS,-119.6986193,34.4221614,FSL-283,,Santa Barbara,CA,1947.0,2006.0,,,Women / Characters,,,C-VII,chinese characters,Bowl,7.55 cm,5.1 cm,8.5 mm,8.1 mm,3.88 cm,2.2 mm,D,no,100 ml,175.59,
BUGLE CAFE,-119.3430765,36.1922672,FSL-128,1498 South K St.,Tulare,CA,,,,,God of Longevity,,,,,Ash Tray,10.00 cm,2.50 cm,5.31 mm,,5.00 cm,,D,0,,85.73 g,
RICE BOWL,-119.3468004,36.208375,FSL-141,4539 Broadway,Chicago,IL,,,,yes,God of Longevity,,,,,Ash Tray,10.00 cm,2.50 cm,5.40 mm,,5.00 cm,,G,0,,99.79 g,
RICE BOWL,-119.3468004,36.208375,FSL-281,,Bakerfield [sic],CA,,,,yes,Dragon and Phoenix,1983,,,Chinese characters,Bowl,7.76 cm,5.52 cm,6.50 mm,7.1 mm,3.80 cm,4.5 mm,C,no,113 ml,140.48,
GOLDEN DRAGON RESTAURANT,-80.0187018,40.4246575,FSL-209,1012 Saw Mill Run Blvd.,Pittsburgh,PA,,,,,Women / Characters,,,,"Black and White Dragon, Possibly with a Pearl",Tea Cup,7.50 cm,5.00 cm,6.04 mm,7.93 mm,4.00 cm,3.00 mm,D,0,110.00 ml,143.90 g,
TEA GARDEN RESTAURANT,-79.8951602,40.4548718,FSL-050 ,,Ellensburg,WA,,,,,Dragon and Phoenix,,1983.0,A-VII,,Tea Cup,8.00 cm,5.00 cm,5.29 mm,7.00 mm,4.00 cm,4.00 mm,C,0,110.00 ml,131.21 g,
TEA GARDEN RESTAURANT,-79.8951602,40.4548718,FSL-208,7250 Kelly St.,Pittsburgh,PA,,,,,Women / Characters,,,,"Pagoda, Bridge, Mountains, Hamlet and Trees",Tea Cup,7.50 cm,5.00 cm,5.75 mm,7.95 mm,4.00 cm,3.00 mm,B,0,110.00 ml,143.92 g,
TEA GARDEN RESTAURANT,-79.8951602,40.4548718,FSL-333,7250 Kelly St.,Pittsburg,PA,,,,,Women / Characters,,,TW I,Pagoda with river and bridge,Saucer,,,,,,,B,0,,,Dine out at the finest; foods to take out; Phone CH-2-660
HONG KONG RESTAURANT,-101.8709176,35.2217469,FSL-138,,Champaign,IL,,,,,Women / Characters,,,,,Plate,16.00 cm,2.00 cm,4.09 mm,,9.50 cm,,A,0,,211.36 g,
HONG KONG RESTAURANT,-101.8709176,35.2217469,FSL-148,3011 Amarillo Blvd. on Highway 66 & 60,Amarillo,TX,1955.0,1992.0,Jew/Chew,,God of Longevity,,,,,Ash Tray,10.00 cm,2.50 cm,4.47 mm,,5.00 cm,,D,0,,91.89 g,
HONG KONG RESTAURANT,-101.8709176,35.2217469,FSL-287,New Chinatown,Los Angeles ,CA,,,,,Dragon and Phoenix,,1983.0,A-IV,Chinese Characters,Bowl,7.52 cm,5.2cm,4.6 mm,6.9 mm,3.75 cm,2 mm,B,0,96 ml,126.5,
HONG KONG RESTAURANT,-101.8709176,35.2217469,FSL-389,27139 Chagrin Blvd.,Cleveland,OH,,,,,God of Longevity,,,GL I,3 Chinese characters at right side of address,Ash Tray,,,,,,,E,0,,,Orders to go; Phone 831-1818 (smudged)
CATHAY HOUSE,-97.4417376,32.7211199,FSL-147,"3500 Alta Mere Dr., Weatherford Traffic Circle",Fort Worth,TX,,,,,Women / Characters,,,,,Tea Cup,7.50 cm,5.00 cm,4.76 mm,6.50 mm,4.00 cm,2.00 mm,B,0,110.00 ml,132.88 g,
HAO WAH RESTAURANT,-95.3184708,29.7059345,FSL-271,3018 So. Wayside,Houston,TX,,,,,Women / Characters,,,,Eight Symbols ,Tea Pot,8.00 cm,11.00 cm,,,8.00 cm,,B,0,600 ml ,539.60 g,
YING'S FAMOUS CHINESE AMERICAN FOOD,-76.2116672,36.8716418,FSL-177,1387 Military Hiway 13,Norfolk,VA,,,,,God of Longevity,,,,Picture of the Restaurant,Tea Cup,8.00 cm,5.50 cm,6.03 mm,7.85 mm,4.00 cm,3.00 mm,B,0,110.00 ml,148.42 g,
CANTON CAFE,-123.8142679,46.9756611,FSL-021,S. W. Emigrant at 5th,Pendleton,OR,1960.0,1975.0,,yes,Bird and Flower,,,B-III,,Tea Cup,8,5.00 cm,6.00 mm,7.46 mm,4.00 cm,2.00 mm,D,0,110.00 ml,150.00 g,
CANTON CAFE,-123.8142679,46.9756611,FSL-041,205 S.G St. ,Aberdeen,WA,1950.0,2025.0,,yes,Dragon and Phoenix,1950,1983.0,A-VII,,Tea Cup,7.50 cm,5.00 cm,5.20 mm,6.50 mm,4.00 cm,5.00 mm,C,0,110.00 ml,125.50 g,
CANTON CAFE,-123.8142679,46.9756611,FSL-160,408 Hillsboro,Raleigh,NC,1969.0,1996.0,,yes,Dragon and Phoenix,,,I-*,Two Figures and an Incense Burner,Tea Cup,8.00 cm,5.00 cm,6.49 mm,8.76 mm,4.00 cm,3.00 mm,D,0,110.00 ml,141.70 g,
CANTON CAFE,-123.8142679,46.9756611,FSL-288,2550 Washington Blvd. ,Ogden,WA,,,,yes,Dragon and Phoenix,,1983.0,A-V,Chinese characters,Bowl,7.58 cm,5.32. cm,5.47 mm,6.5 mm,3.21 cm,4.5 mm,B,0,95 ml,117,
CANTON CAFE,-123.8142679,46.9756611,FSL-299,205 South G St.,Aberdeen,WA,1959.0,2025.0,,yes,Dragon and Phoenix,1950,1983.0,DPIV,,Tea Cup,7.4 cm,5.2 cm,5.2 mm,6.95 mm,3.2 cm,2 mm,K,0,106 ml,127.1 g,
CANTON CAFE,-123.8142679,46.9756611,FSL-403,205 South G St.,Aberdeen ,WA,1959.0,2025.0,,yes,Dragon and Phoenix,1950,1983.0,DP IV,3 red Chinese characters inside of cup,Tea Cup,,,,,,,B,0,,,
NEW MOON CAFE,-122.2288948,47.3075924,FSL-048,27 East Main St.,Auburn,WA,,,,,Women / Characters,,,,,Tea Cup,7.50 cm,5.00 cm,6.00 mm,8.00 mm,4.00 cm,2.00 mm,D,0,110.00 ml,145.00 g,
NEW MOON CAFE,-122.2288948,47.3075924,FSL-080,9 E. Main St.,Auburn,WA,,,,,God of Longevity,,,,,Ash Tray,10.00 cm,2.50 cm,5.57 mm,,5.00 cm,,C,0,,98.69 g,
NEW MOON CAFE,-122.2288948,47.3075924,FSL-396,27 East Main St.,Auburn,WA,,,,,Women / Characters,,,TW I,Pagoda and crescent moon; 3 Chinese characters below phone number,Tea Cup,,,,,,,D,0,,,Foods to take out; Phone TE-3-9949
PARAGON RESTAURANT,-122.9372275,46.1379102,FSL-062,1311-15th Ave.,Longview,WA,1972.0,2015.0,,,Women / Characters,1972,2000.0,,,Tea Cup,8.00 cm,5.50 cm,6.37 mm,7.00 mm,4.00 cm,5.00 mm,C,0,110.00 ml,153.17 g,
PARAGON RESTAURANT,-122.9372275,46.1379102,FSL-063,1311-15th Ave.,Longview,WA,1972.0,2015.0,,,Women / Characters,1972,2000.0,,,Tea Cup,8.00 cm,5.50 cm,6.17 mm,7.84 mm,4.00 cm,5.00 mm,G,0,110.00 ml,155.50 g,
PARAGON RESTAURANT,-122.9372275,46.1379102,FSL-064,1311-15th Ave.,Longview,WA,1972.0,2015.0,,,Women / Characters,1972,2000.0,,,Tea Cup,8.00 cm,5.50 cm,6.23 mm,7.54 mm,4.00 cm,5.00 mm,G,0,110.00 ml,153.06 g,
PARAGON RESTAURANT,-122.9372275,46.1379102,FSL-067,1311-15th Ave.,Longview,WA,1972.0,2015.0,,,Women / Characters,1972,2000.0,,,Tea Cup,8.00 cm,5.00 cm,6.00 mm,7.50 mm,3.50 cm,2.00 mm,B,0,110.00 ml,140.50 g,
PARAGON RESTAURANT,-122.9372275,46.1379102,FSL-068,1311-15th Ave.,Longview,WA,1972.0,2015.0,,,Women / Characters,1972,2000.0,,,Tea Cup,8.00 cm,5.50 cm,6.50 mm,8.00 mm,4.00 cm,5.00 mm,G,0,110.00 ml,165.39 g,
PARAGON RESTAURANT,-122.9372275,46.1379102,FSL-072,1311-15th Ave.,Longview,WA,1972.0,2015.0,,,Women / Characters,1972,2000.0,,,Tea Cup,8.00 cm,5.50 cm,6.00 mm,7.43 mm,4.00 cm,5.00 mm,G,0,110.00 ml,148.00 g,
RICKSHAW INN,-122.633226,45.4185097,FSL-012,14423 S. E. McLoughlin,Milwaukie,OR,,,,,Women / Characters,,,,,Tea Cup,8,5.50 cm,5.29 mm,6.50 mm,3.50 cm,3.00 mm,B,0,110.00 ml,122.50 g,
RICKSHAW INN,-122.633226,45.4185097,FSL-027,14423 S. E. McLoughlin,Milwaukie,OR,,,,,Women / Characters,,,,,Tea Cup,8,5.00 cm,5.76 mm,7.22 mm,4.00 cm,2.00 mm,D,0,110.00 ml,139.00 g,
NEW SHANGHAI CAFE,-122.9023567,47.0438203,FSL-054,117 West Fifth,Olympia,WA,,,,,Bird and Flower,,,B-III,,Tea Cup,8.00 cm,5.00 cm,8.10 mm,8.50 mm,4.00 cm,2.00 mm,D,0,90.00 ml,184.76 g,
SOO HOY CAFE,-122.6383235,47.5421151,FSL-040,632 Bay St. ,Port Orchard,WA,1940.0,1980.0,,yes,Dragon and Phoenix,,1983.0,A-II,,Tea Cup,7.50 cm,5.00 cm,5.00 mm,6.64 mm,3.00 cm,2.00 mm,B,0,110.00 ml,120.00 g,
NAN,-110.9434453,32.2210402,FSL-376,,,,,,,,Bird and Flower,,,BF III,design includes red bat ,Saucer,,,,,,,B,0,,,
NAN,-110.9434453,32.2210402,FSL-377,,,,,,,,Bird and Flower,,,BF III,design includes red bat ,Saucer,,,,,,,B,0,,,
NAN,-110.9434453,32.2210402,FSL-378,,,,,,,,Bird and Flower,,,BF III,design includes red bat ,Saucer,,,,,,,B,0,,,
NAN,-110.9434453,32.2210402,FSL-379,,,,,,,,Bird and Flower,,,BF III,design includes red bat ,Saucer,,,,,,,B,0,,,
NAN,-110.9434453,32.2210402,FSL-380,,,,,,,,Bird and Flower,,,BF III,design includes red bat on plate face as well as 2 addidtional bats on outer rim of plate,Plate,,,,,,,D,0,,,
NAN,-110.9434453,32.2210402,FSL-216,,,,,,,,Individualized Logo,,,,"Red Dragon depicted along with a Red Sun, Wind, Thunder, and Two Symbols ",Tea Cup,8.00 cm,5.50 cm,5.98 mm,7.47 mm,4.00 cm,5.00 mm,C,0,110.00 ml,137.95 g,
NAN,-110.9434453,32.2210402,FSL-217,,,,,,,,Individualized Logo,,,,"Red Dragon depicted along with a Red Sun, Wind, and Thunder ",Tea Cup,8.00 cm,5.50 cm,6.23 mm,7.31 mm,4.00 cm,5.00 mm,C,0,110.00 ml,141.15 g,
NAN,-110.9434453,32.2210402,FSL-218,,,,,,,,Dragon and Phoenix,,1983.0,,,Tea Cup,8.00 cm,5.50 cm,6.14 mm,7.76 mm,3.50 cm,5.00 mm,C,0,110.00 ml,143.00 g,
NAN,-110.9434453,32.2210402,FSL-219,,,,,,,,Dragon and Phoenix,,1983.0,,,Tea Cup,7.50 cm,5.50 cm,6.17 mm,6.83 mm,4.00 cm,5.00 mm,G,0,110.00 ml,141.86 g,
NAN,-110.9434453,32.2210402,FSL-220,,,,,,,,Dragon and Phoenix,,1983.0,,,Tea Cup,8.00 cm,5.50 cm,5.93 mm,7.26 mm,4.00 cm,5.00 mm,C,0,110.00 ml,138.42 g,
NAN,-110.9434453,32.2210402,FSL-221,,,,,,,,Women / Characters,,,,,Tea Cup,8.00 cm,5.50 cm,6.43 mm,8.33 mm,4.00 cm,4.00 mm,I,0,120.00 ml,146.60 g,
NAN,-110.9434453,32.2210402,FSL-222,,,,,,,,Dragon and Phoenix,,1983.0,,,Tea Cup,8.00 cm,5.50 cm,6.26 mm,7.29 mm,4.00 cm,5.00 mm,,0,110.00 ml,142.22 g,
NAN,-110.9434453,32.2210402,FSL-223,,,,,,,,Dragon and Phoenix,1983,,, ,Tea Cup,8.00 cm,5.50 cm,6.26 mm,7.90 mm,4.00 cm,4.00 mm,I,0,110.00 ml,150.93 g,
NAN,-110.9434453,32.2210402,FSL-224,,,,,,,,Dragon and Phoenix,,1983.0,,,Tea Cup,8.00 cm,5.00 cm,5.78 mm,7.11 mm,4.00 cm,3.00 mm,B,0,110.00 ml,140.40 g,
NAN,-110.9434453,32.2210402,FSL-225,,,,,,,,Dragon and Phoenix,1983,,, ,Tea Cup,8.00 cm,5.50 cm,6.89 mm,7.48 mm,4.00 cm,6.00 mm,C,0,110.00 ml,147.79 g,
NAN,-110.9434453,32.2210402,FSL-226,,,,,,,,Lustre Floral,,1960.0,,,Tea Cup,7.50 cm,5.50 cm,6.15 mm,5.34 mm,3.00 cm,4.00 mm,B,0,90.00 ml,141.82 g,
NAN,-110.9434453,32.2210402,FSL-227,,,,,,,,Lustre Floral,,1960.0,,,Tea Cup,7.50 cm,5.50 cm,6.07 mm,5.61 mm,3.00 cm,4.00 mm,B,0,90.00 ml,137.83 g,
NAN,-110.9434453,32.2210402,FSL-228,,,,,,,,Lustre Floral,,1960.0,,,Tea Cup,7.50 cm,5.50 cm,6.70 mm,6.52 mm,3.00 cm,4.00 mm,B,0,90.00 ml,140.24 g,
NAN,-110.9434453,32.2210402,FSL-229,,,,,,,,Lustre Floral,,1960.0,,,Tea Cup,7.50 cm,5.50 cm,5.81 mm,5.58 mm,3.00 cm,4.00 mm,B,0,90.00 ml,125.30 g,
NAN,-110.9434453,32.2210402,FSL-230,,,,,,,,Dragon and Phoenix,,1983.0,,Thunder and Wind,Tea Cup,8.00 cm,5.50 cm,6.07 mm,7.29 mm,4.00 cm,5.00 mm,,0,110.00 ml,132.93 g,
NAN,-110.9434453,32.2210402,FSL-231,,,,,,,,Women / Characters,,,,"""precious like jade""",Tea Cup,8.00 cm,5.50 cm,5.98 mm,6.84 mm,4.00 cm,5.00 mm,C,0,110.00 ml,148.76 g,
NAN,-110.9434453,32.2210402,FSL-232,,,,,,,,Dragon and Phoenix,1983,,, ,Tea Cup,8.00 cm,5.50 cm,6.13 mm,7.73 mm,4.00 cm,4.00 mm,I,0,110.00 ml,150.24 g,
NAN,-110.9434453,32.2210402,FSL-233,,,,,,,,Dragon and Phoenix,,1983.0,,Thunder   ,Tea Cup,7.50 cm,5.50 cm,4.18 mm,2.79 mm,3.00 cm,4.00 mm,E,0,110.00 ml,83.66 g,
NAN,-110.9434453,32.2210402,FSL-234,,,,,,,,Dragon and Phoenix,1983,,, ,Tea Cup,8.00 cm,5.50 cm,5.85 mm,7.66 mm,4.00 cm,5.00 mm,C,0,110.00 ml,137.70 g,
NAN,-110.9434453,32.2210402,FSL-235,,,,,,,,Dragon and Phoenix,,1983.0,,Thunder and Wind,Tea Cup,8.00 cm,5.50 cm,5.78 mm,7.41 mm,4.00 cm,5.00 mm,,0,110.00 ml,136.55 g,
NAN,-110.9434453,32.2210402,FSL-236,,,,,,,,Lustre Floral,,1960.0,,Thunder and Wind,Tea Cup,7.50 cm,5.50 cm,5.89 mm,5.97 mm,3.00 cm,4.00 mm,B,0,110.00 ml,131.21 g,
NAN,-110.9434453,32.2210402,FSL-237,,,,,,,,Dragon and Phoenix,1983,,, ,Tea Cup,8.00 cm,5.50 cm,6.64 mm,8.38 mm,4.00 cm,3.00 mm,I,0,110.00 ml,145.06 g,
NAN,-110.9434453,32.2210402,FSL-238,,,,,,,,Women / Characters,,,,"""precious like jade""",Tea Cup,8.00 cm,5.50 cm,6.17 mm,7.68 mm,4.00 cm,6.00 mm,G,0,110.00 ml,149.35 g,
NAN,-110.9434453,32.2210402,FSL-239,,,,,,,,Dragon and Phoenix,1983,,, ,Tea Cup,8.00 cm,5.50 cm,6.11 mm,7.37 mm,4.00 cm,5.00 mm,C,0,110.00 ml,141.88 g,
NAN,-110.9434453,32.2210402,FSL-240,,,,,,,,Lustre Floral,,1960.0,,,Tea Cup,7.50 cm,5.50 cm,5.18 mm,6.11 mm,3.00 cm,4.00 mm,B,0,110.00 ml,128.74 g,
NAN,-110.9434453,32.2210402,FSL-241,,,,,,,,Lustre Floral,,1960.0,,,Tea Cup,7.50 cm,5.50 cm,5.37 mm,6.19 mm,3.50 cm,4.00 mm,B,0,110.00 ml,126.00 g,
NAN,-110.9434453,32.2210402,FSL-242,,,,,,,,Women / Characters,,,,"""precious like jade""",Tea Cup,8.00 cm,5.50 cm,7.09 mm,7.90 mm,4.00 cm,3.00 mm,I,0,120.00 ml,148.83 g,
NAN,-110.9434453,32.2210402,FSL-243,,,,,,,,Dragon and Phoenix,1983,,,Thunder and Wind,Tea Cup,8.00 cm,5.50 cm,5.87 mm,7.63 mm,4.00 cm,5.00 mm,,0,120.00 ml,137.84 g,
NAN,-110.9434453,32.2210402,FSL-244,,,,,,,,God of Longevity,,,,,Tea Cup,9.00 cm,5.50 cm,2.45 mm,2.15 mm,5.00 cm,7.00 mm,D,0,210.00 ml,85.10 g,
NAN,-110.9434453,32.2210402,FSL-245,,,,,,,,Bird and Flower,,,,,Ash Tray,10.00 cm,2.50 cm,4.76 mm,,5.00 cm,,D,0,,90.77 g,
NAN,-110.9434453,32.2210402,FSL-246,,,,,,,,Bird and Flower,,,,,Ash Tray,10.00 cm,2.50 cm,5.02 mm,,5.00 cm,,D,0,,90.38 g,
NAN,-110.9434453,32.2210402,FSL-247,,,,,,,,Bird and Flower,,,,,Ash Tray,10.00 cm,2.50 cm,4.80 mm,,5.00 cm,,D,0,,89.31 g,
NAN,-110.9434453,32.2210402,FSL-248,,,,,,,,God of Longevity,,,,,Ash Tray,10.00 cm,2.50 cm,4.97 mm,,14.00 cm,,D,0,,95.86 g,
NAN,-110.9434453,32.2210402,FSL-249,,,,,,,,Dragon and Phoenix,1983,,,,Plate,21.00 cm,2.50 cm,5.58 mm,,14.00 cm,,I,Yes: Japan,,303.81 g,
NAN,-110.9434453,32.2210402,FSL-250,,,,,,,,God of Longevity,,,,,Plate,20.50 cm,2.50 cm,6.10 mm,,14.00 cm,,F,0,,388.35 g,
NAN,-110.9434453,32.2210402,FSL-251,,,,,,,,Dragon and Phoenix,1983,,,,Plate,21.00 cm,2.50 cm,5.88 mm,,14.00 cm,,F,0,,374.62 g,
NAN,-110.9434453,32.2210402,FSL-252,,,,,,,,God of Longevity,,,,,Plate,21.00 cm,2.50 cm,5.69 mm,,14.00 cm,,F,0,,396.14 g,
NAN,-110.9434453,32.2210402,FSL-253,,,,,,,,God of Longevity,,,,,Plate,21.00 cm,2.50 cm,6.10 mm,,14.00 cm,,F,0,,342.15 g,
NAN,-110.9434453,32.2210402,FSL-254,,,,,,,,God of Longevity,,,,,Plate,21.00 cm,2.50 cm,5.49 mm,,14.00 cm,,I,Yes: Japan,,388.70 g,
NAN,-110.9434453,32.2210402,FSL-255,,,,,,,,Custom / Misc Pattern,,,,Hexeganol Pattern with Four Symbols inside of Red Circles ,Plate,18.00 cm,2.00 cm,3.49 mm,,11.00 cm,,A,0,,264.64 g,
NAN,-110.9434453,32.2210402,FSL-256,,,,,,,,Custom / Misc Pattern,,,,Hexeganol Pattern with Four Symbols inside of Red Circles ,Plate,18.00 cm,2.00 cm,3.70 mm,,11.00 cm,,A,0,,263.49 g,
NAN,-110.9434453,32.2210402,FSL-257,,,,,,,,Custom / Misc Pattern,,,,Hexeganol Pattern with Four Symbols inside of Red Circles ,Plate,18.00 cm,2.00 cm,3.74 mm,,11.00 cm,,A,0,,267.92 g,
NAN,-110.9434453,32.2210402,FSL-258,,,,,,,,God of Longevity,,,,Four Symbols ,Saucer,14.00 cm,2.00 cm,3.50 mm,,7.50 cm,,A,0,,134.63 g,
NAN,-110.9434453,32.2210402,FSL-259,,,,,,,,Dragon and Phoenix,,1983.0,,Gold,Saucer,14.50 cm,2.50 cm,3.62 mm,,9.00 cm,,G,0,,145.41 g,
NAN,-110.9434453,32.2210402,FSL-260,,,,,,,,Bird and Flower,,,,,Dish,10.50 cm,3.00 cm,6.00 mm,,5.50 cm,,D,0,,147.93 g,
NAN,-110.9434453,32.2210402,FSL-261,,,,,,,,God of Longevity,,,,,Dish,8.50 cm,2.00 cm,6.64 mm,,5.00 cm,,I,0,,94.93 g,
NAN,-110.9434453,32.2210402,FSL-262,,,,,,,,Dragon and Phoenix,1983,,, ,Bowl,10.50 cm,5.00 cm,5.66 mm,6.43 mm,4.50 cm,7.00 mm,I,Yes: Japan,190.00 ml,201.33 g,
NAN,-110.9434453,32.2210402,FSL-263,,,,,,,,Women / Characters,,,,"""precious like jade""",Spoon,15.00 cm (Including Handle),1.50 cm (Only Bowl),3.50 mm,,,,D,0,10.00 ml,46.67 g,
NAN,-110.9434453,32.2210402,FSL-264,,,,,,,,Individualized Logo,,,,Hexeganol Pattern with Three Symbols inside of Red Circles ,Spoon,14.00 cm (Including Handle),1.50 cm (Only Bowl),3.50 mm,,,,G,0,10.00 ml,38.03 g,
NAN,-110.9434453,32.2210402,FSL-265,,,,,,,,Women / Characters,,,,"""precious like jade""",Spoon,15.00 cm (Including Handle),1.50 cm (Only Bowl),3.50 mm,,,,D,0,10.00 ml,45.96 g,
NAN,-110.9434453,32.2210402,FSL-278,,,,,,,,Dragon and Phoenix,,,,,Tea Pot,6.50 cm,14.50 cm,,,8.50 cm,,B,0,600 ml,508.30 g,
NAN,-110.9434453,32.2210402,FSL-279,,,,,,,,Women / Characters,,,, ,Tea Pot,7.00 cm,16.50 cm,,,7.50 cm,,A,0,800 ml,482.60 g,
NAN,-110.9434453,32.2210402,FSL-310,,,,,,,,Women / Characters,1959,1973.0,TW II,Characters and no address,Tea Cup,7.6 cm,5.3 cm,7.1 mm,7.9 mm,3.7 cm,5 mm,G,,106 ml,160.4 g,
NEW CHINA RESTAURANT,-87.7211022,42.0410692,FSL-295,3710 W. Dempster St.,Skokie ,IL,,,,,Women / Characters,,,TW-I,Seated person eating near river,Tea Cup,7.60 cm,5.20 cm,5.80 mm,7.22 mm,3.70 cm,2.00 mm,D,0,108.00 ml,139 g,"Famous Cantonese Food Phones: OR-4-342, OR-3-9415"
JERRY'S MING HOUSE,-110.9434453,32.2210402,FSL-313,1900 E. Broadway,Tucson,AZ,,,,yes,Dragon and Phoenix,,1983.0,DP I ,Chinese characters to left and right of address,Tea Cup,7.4 cm,5.2 cm,3.05 mm,3.4 mm,3 cm,3 mm,J,0,109 ml,76.4 g,Food to take out/ Phone 4-1261
JERRY'S MING HOUSE,-110.9434453,32.2210402,FSL-314,1900 E. Broadway,Tucson,AZ,,,,yes,Dragon and Phoenix,,1983.0,DP I,Chinese characters to left and right of address,Tea Cup,7.4 cm,5.2 cm,3.15 mm,3.4 mm,3 cm,3 mm,J,0,109 ml,74.5 g,Food to take out/ Phone 4-1261
JERRY'S MING HOUSE,-110.9434453,32.2210402,FSL-315,1900 E. Broadway,Tucson,AZ,,,,yes,Dragon and Phoenix,,1983.0,DP I,Chinese characters to left and right of address,Tea Cup,7.4 cm,5.2 cm,3.2 mm,3.3 mm,3 cm,3 mm,J,0,109 ml,79. 2 g,Food to take out/ Phone 4-1261
JERRY'S MING HOUSE,-110.9434453,32.2210402,FSL-316,1900 E. Broadway,Tucson,AZ,,,,yes,Dragon and Phoenix,,1983.0,DP I,Chinese characters to left and right of address,Tea Cup,7.4 cm,5.2 cm,3 mm,3.2 mm,3 cm,3 mm,J,0,108 ml,72.2 g,Food to take out/ Phone 4-1261
JERRY'S MING HOUSE,-110.9434453,32.2210402,FSL-317,1900 E. Broadway,Tucson,AZ,,,,yes,Dragon and Phoenix,,1983.0,DP I,Chinese characters to left and right of address,Tea Cup,7.4 cm,5.2 cm,3.4 mm,3.3 mm,3 cm,3 mm,B,0,108 ml,71.5 g,Food to take out (smudged)/ Phone 4-1261
NAN,-117.4200243,47.6590448,FSL-376,,,,,,,,Bird and Flower,,,BF III,design includes red bat ,Saucer,,,,,,,B,0,,,
NAN,-117.4200243,47.6590448,FSL-377,,,,,,,,Bird and Flower,,,BF III,design includes red bat ,Saucer,,,,,,,B,0,,,
NAN,-117.4200243,47.6590448,FSL-378,,,,,,,,Bird and Flower,,,BF III,design includes red bat ,Saucer,,,,,,,B,0,,,
NAN,-117.4200243,47.6590448,FSL-379,,,,,,,,Bird and Flower,,,BF III,design includes red bat ,Saucer,,,,,,,B,0,,,
NAN,-117.4200243,47.6590448,FSL-380,,,,,,,,Bird and Flower,,,BF III,design includes red bat on plate face as well as 2 addidtional bats on outer rim of plate,Plate,,,,,,,D,0,,,
NAN,-117.4200243,47.6590448,FSL-216,,,,,,,,Individualized Logo,,,,"Red Dragon depicted along with a Red Sun, Wind, Thunder, and Two Symbols ",Tea Cup,8.00 cm,5.50 cm,5.98 mm,7.47 mm,4.00 cm,5.00 mm,C,0,110.00 ml,137.95 g,
NAN,-117.4200243,47.6590448,FSL-217,,,,,,,,Individualized Logo,,,,"Red Dragon depicted along with a Red Sun, Wind, and Thunder ",Tea Cup,8.00 cm,5.50 cm,6.23 mm,7.31 mm,4.00 cm,5.00 mm,C,0,110.00 ml,141.15 g,
NAN,-117.4200243,47.6590448,FSL-218,,,,,,,,Dragon and Phoenix,,1983.0,,,Tea Cup,8.00 cm,5.50 cm,6.14 mm,7.76 mm,3.50 cm,5.00 mm,C,0,110.00 ml,143.00 g,
NAN,-117.4200243,47.6590448,FSL-219,,,,,,,,Dragon and Phoenix,,1983.0,,,Tea Cup,7.50 cm,5.50 cm,6.17 mm,6.83 mm,4.00 cm,5.00 mm,G,0,110.00 ml,141.86 g,
NAN,-117.4200243,47.6590448,FSL-220,,,,,,,,Dragon and Phoenix,,1983.0,,,Tea Cup,8.00 cm,5.50 cm,5.93 mm,7.26 mm,4.00 cm,5.00 mm,C,0,110.00 ml,138.42 g,
NAN,-117.4200243,47.6590448,FSL-221,,,,,,,,Women / Characters,,,,,Tea Cup,8.00 cm,5.50 cm,6.43 mm,8.33 mm,4.00 cm,4.00 mm,I,0,120.00 ml,146.60 g,
NAN,-117.4200243,47.6590448,FSL-222,,,,,,,,Dragon and Phoenix,,1983.0,,,Tea Cup,8.00 cm,5.50 cm,6.26 mm,7.29 mm,4.00 cm,5.00 mm,,0,110.00 ml,142.22 g,
NAN,-117.4200243,47.6590448,FSL-223,,,,,,,,Dragon and Phoenix,1983,,, ,Tea Cup,8.00 cm,5.50 cm,6.26 mm,7.90 mm,4.00 cm,4.00 mm,I,0,110.00 ml,150.93 g,
NAN,-117.4200243,47.6590448,FSL-224,,,,,,,,Dragon and Phoenix,,1983.0,,,Tea Cup,8.00 cm,5.00 cm,5.78 mm,7.11 mm,4.00 cm,3.00 mm,B,0,110.00 ml,140.40 g,
NAN,-117.4200243,47.6590448,FSL-225,,,,,,,,Dragon and Phoenix,1983,,, ,Tea Cup,8.00 cm,5.50 cm,6.89 mm,7.48 mm,4.00 cm,6.00 mm,C,0,110.00 ml,147.79 g,
NAN,-117.4200243,47.6590448,FSL-226,,,,,,,,Lustre Floral,,1960.0,,,Tea Cup,7.50 cm,5.50 cm,6.15 mm,5.34 mm,3.00 cm,4.00 mm,B,0,90.00 ml,141.82 g,
NAN,-117.4200243,47.6590448,FSL-227,,,,,,,,Lustre Floral,,1960.0,,,Tea Cup,7.50 cm,5.50 cm,6.07 mm,5.61 mm,3.00 cm,4.00 mm,B,0,90.00 ml,137.83 g,
NAN,-117.4200243,47.6590448,FSL-228,,,,,,,,Lustre Floral,,1960.0,,,Tea Cup,7.50 cm,5.50 cm,6.70 mm,6.52 mm,3.00 cm,4.00 mm,B,0,90.00 ml,140.24 g,
NAN,-117.4200243,47.6590448,FSL-229,,,,,,,,Lustre Floral,,1960.0,,,Tea Cup,7.50 cm,5.50 cm,5.81 mm,5.58 mm,3.00 cm,4.00 mm,B,0,90.00 ml,125.30 g,
NAN,-117.4200243,47.6590448,FSL-230,,,,,,,,Dragon and Phoenix,,1983.0,,Thunder and Wind,Tea Cup,8.00 cm,5.50 cm,6.07 mm,7.29 mm,4.00 cm,5.00 mm,,0,110.00 ml,132.93 g,
NAN,-117.4200243,47.6590448,FSL-231,,,,,,,,Women / Characters,,,,"""precious like jade""",Tea Cup,8.00 cm,5.50 cm,5.98 mm,6.84 mm,4.00 cm,5.00 mm,C,0,110.00 ml,148.76 g,
NAN,-117.4200243,47.6590448,FSL-232,,,,,,,,Dragon and Phoenix,1983,,, ,Tea Cup,8.00 cm,5.50 cm,6.13 mm,7.73 mm,4.00 cm,4.00 mm,I,0,110.00 ml,150.24 g,
NAN,-117.4200243,47.6590448,FSL-233,,,,,,,,Dragon and Phoenix,,1983.0,,Thunder   ,Tea Cup,7.50 cm,5.50 cm,4.18 mm,2.79 mm,3.00 cm,4.00 mm,E,0,110.00 ml,83.66 g,
NAN,-117.4200243,47.6590448,FSL-234,,,,,,,,Dragon and Phoenix,1983,,, ,Tea Cup,8.00 cm,5.50 cm,5.85 mm,7.66 mm,4.00 cm,5.00 mm,C,0,110.00 ml,137.70 g,
NAN,-117.4200243,47.6590448,FSL-235,,,,,,,,Dragon and Phoenix,,1983.0,,Thunder and Wind,Tea Cup,8.00 cm,5.50 cm,5.78 mm,7.41 mm,4.00 cm,5.00 mm,,0,110.00 ml,136.55 g,
NAN,-117.4200243,47.6590448,FSL-236,,,,,,,,Lustre Floral,,1960.0,,Thunder and Wind,Tea Cup,7.50 cm,5.50 cm,5.89 mm,5.97 mm,3.00 cm,4.00 mm,B,0,110.00 ml,131.21 g,
NAN,-117.4200243,47.6590448,FSL-237,,,,,,,,Dragon and Phoenix,1983,,, ,Tea Cup,8.00 cm,5.50 cm,6.64 mm,8.38 mm,4.00 cm,3.00 mm,I,0,110.00 ml,145.06 g,
NAN,-117.4200243,47.6590448,FSL-238,,,,,,,,Women / Characters,,,,"""precious like jade""",Tea Cup,8.00 cm,5.50 cm,6.17 mm,7.68 mm,4.00 cm,6.00 mm,G,0,110.00 ml,149.35 g,
NAN,-117.4200243,47.6590448,FSL-239,,,,,,,,Dragon and Phoenix,1983,,, ,Tea Cup,8.00 cm,5.50 cm,6.11 mm,7.37 mm,4.00 cm,5.00 mm,C,0,110.00 ml,141.88 g,
NAN,-117.4200243,47.6590448,FSL-240,,,,,,,,Lustre Floral,,1960.0,,,Tea Cup,7.50 cm,5.50 cm,5.18 mm,6.11 mm,3.00 cm,4.00 mm,B,0,110.00 ml,128.74 g,
NAN,-117.4200243,47.6590448,FSL-241,,,,,,,,Lustre Floral,,1960.0,,,Tea Cup,7.50 cm,5.50 cm,5.37 mm,6.19 mm,3.50 cm,4.00 mm,B,0,110.00 ml,126.00 g,
NAN,-117.4200243,47.6590448,FSL-242,,,,,,,,Women / Characters,,,,"""precious like jade""",Tea Cup,8.00 cm,5.50 cm,7.09 mm,7.90 mm,4.00 cm,3.00 mm,I,0,120.00 ml,148.83 g,
NAN,-117.4200243,47.6590448,FSL-243,,,,,,,,Dragon and Phoenix,1983,,,Thunder and Wind,Tea Cup,8.00 cm,5.50 cm,5.87 mm,7.63 mm,4.00 cm,5.00 mm,,0,120.00 ml,137.84 g,
NAN,-117.4200243,47.6590448,FSL-244,,,,,,,,God of Longevity,,,,,Tea Cup,9.00 cm,5.50 cm,2.45 mm,2.15 mm,5.00 cm,7.00 mm,D,0,210.00 ml,85.10 g,
NAN,-117.4200243,47.6590448,FSL-245,,,,,,,,Bird and Flower,,,,,Ash Tray,10.00 cm,2.50 cm,4.76 mm,,5.00 cm,,D,0,,90.77 g,
NAN,-117.4200243,47.6590448,FSL-246,,,,,,,,Bird and Flower,,,,,Ash Tray,10.00 cm,2.50 cm,5.02 mm,,5.00 cm,,D,0,,90.38 g,
NAN,-117.4200243,47.6590448,FSL-247,,,,,,,,Bird and Flower,,,,,Ash Tray,10.00 cm,2.50 cm,4.80 mm,,5.00 cm,,D,0,,89.31 g,
NAN,-117.4200243,47.6590448,FSL-248,,,,,,,,God of Longevity,,,,,Ash Tray,10.00 cm,2.50 cm,4.97 mm,,14.00 cm,,D,0,,95.86 g,
NAN,-117.4200243,47.6590448,FSL-249,,,,,,,,Dragon and Phoenix,1983,,,,Plate,21.00 cm,2.50 cm,5.58 mm,,14.00 cm,,I,Yes: Japan,,303.81 g,
NAN,-117.4200243,47.6590448,FSL-250,,,,,,,,God of Longevity,,,,,Plate,20.50 cm,2.50 cm,6.10 mm,,14.00 cm,,F,0,,388.35 g,
NAN,-117.4200243,47.6590448,FSL-251,,,,,,,,Dragon and Phoenix,1983,,,,Plate,21.00 cm,2.50 cm,5.88 mm,,14.00 cm,,F,0,,374.62 g,
NAN,-117.4200243,47.6590448,FSL-252,,,,,,,,God of Longevity,,,,,Plate,21.00 cm,2.50 cm,5.69 mm,,14.00 cm,,F,0,,396.14 g,
NAN,-117.4200243,47.6590448,FSL-253,,,,,,,,God of Longevity,,,,,Plate,21.00 cm,2.50 cm,6.10 mm,,14.00 cm,,F,0,,342.15 g,
NAN,-117.4200243,47.6590448,FSL-254,,,,,,,,God of Longevity,,,,,Plate,21.00 cm,2.50 cm,5.49 mm,,14.00 cm,,I,Yes: Japan,,388.70 g,
NAN,-117.4200243,47.6590448,FSL-255,,,,,,,,Custom / Misc Pattern,,,,Hexeganol Pattern with Four Symbols inside of Red Circles ,Plate,18.00 cm,2.00 cm,3.49 mm,,11.00 cm,,A,0,,264.64 g,
NAN,-117.4200243,47.6590448,FSL-256,,,,,,,,Custom / Misc Pattern,,,,Hexeganol Pattern with Four Symbols inside of Red Circles ,Plate,18.00 cm,2.00 cm,3.70 mm,,11.00 cm,,A,0,,263.49 g,
NAN,-117.4200243,47.6590448,FSL-257,,,,,,,,Custom / Misc Pattern,,,,Hexeganol Pattern with Four Symbols inside of Red Circles ,Plate,18.00 cm,2.00 cm,3.74 mm,,11.00 cm,,A,0,,267.92 g,
NAN,-117.4200243,47.6590448,FSL-258,,,,,,,,God of Longevity,,,,Four Symbols ,Saucer,14.00 cm,2.00 cm,3.50 mm,,7.50 cm,,A,0,,134.63 g,
NAN,-117.4200243,47.6590448,FSL-259,,,,,,,,Dragon and Phoenix,,1983.0,,Gold,Saucer,14.50 cm,2.50 cm,3.62 mm,,9.00 cm,,G,0,,145.41 g,
NAN,-117.4200243,47.6590448,FSL-260,,,,,,,,Bird and Flower,,,,,Dish,10.50 cm,3.00 cm,6.00 mm,,5.50 cm,,D,0,,147.93 g,
NAN,-117.4200243,47.6590448,FSL-261,,,,,,,,God of Longevity,,,,,Dish,8.50 cm,2.00 cm,6.64 mm,,5.00 cm,,I,0,,94.93 g,
NAN,-117.4200243,47.6590448,FSL-262,,,,,,,,Dragon and Phoenix,1983,,, ,Bowl,10.50 cm,5.00 cm,5.66 mm,6.43 mm,4.50 cm,7.00 mm,I,Yes: Japan,190.00 ml,201.33 g,
NAN,-117.4200243,47.6590448,FSL-263,,,,,,,,Women / Characters,,,,"""precious like jade""",Spoon,15.00 cm (Including Handle),1.50 cm (Only Bowl),3.50 mm,,,,D,0,10.00 ml,46.67 g,
NAN,-117.4200243,47.6590448,FSL-264,,,,,,,,Individualized Logo,,,,Hexeganol Pattern with Three Symbols inside of Red Circles ,Spoon,14.00 cm (Including Handle),1.50 cm (Only Bowl),3.50 mm,,,,G,0,10.00 ml,38.03 g,
NAN,-117.4200243,47.6590448,FSL-265,,,,,,,,Women / Characters,,,,"""precious like jade""",Spoon,15.00 cm (Including Handle),1.50 cm (Only Bowl),3.50 mm,,,,D,0,10.00 ml,45.96 g,
NAN,-117.4200243,47.6590448,FSL-278,,,,,,,,Dragon and Phoenix,,,,,Tea Pot,6.50 cm,14.50 cm,,,8.50 cm,,B,0,600 ml,508.30 g,
NAN,-117.4200243,47.6590448,FSL-279,,,,,,,,Women / Characters,,,, ,Tea Pot,7.00 cm,16.50 cm,,,7.50 cm,,A,0,800 ml,482.60 g,
NAN,-117.4200243,47.6590448,FSL-310,,,,,,,,Women / Characters,1959,1973.0,TW II,Characters and no address,Tea Cup,7.6 cm,5.3 cm,7.1 mm,7.9 mm,3.7 cm,5 mm,G,,106 ml,160.4 g,
NEW GRAND CAFE,-109.2201755,41.588451,FSL-272,117 K St. ,Rock Springs,WY,,,,,Women / Characters,,,,,Tea Cup,8.00 cm,5.50 cm,7.21 mm,7.70 mm,4.0 cm,5.0 mm,E,0,110 ml,155.82 g,
NEW GRAND CAFE,-109.2201755,41.588451,FSL-275,117 K St.,Rock Springs,WY,,,,,Women / Characters,,,,,Tea Cup,7.50 cm,5.50 cm,6.85 mm,7.35 mm,4.0 cm,5.0 mm,E,0,110 ml,154.17 g,
CANTON CAFE,-111.9702596,41.2194645,FSL-021,S. W. Emigrant at 5th,Pendleton,OR,1960.0,1975.0,,yes,Bird and Flower,,,B-III,,Tea Cup,8,5.00 cm,6.00 mm,7.46 mm,4.00 cm,2.00 mm,D,0,110.00 ml,150.00 g,
CANTON CAFE,-111.9702596,41.2194645,FSL-041,205 S.G St. ,Aberdeen,WA,1950.0,2025.0,,yes,Dragon and Phoenix,1950,1983.0,A-VII,,Tea Cup,7.50 cm,5.00 cm,5.20 mm,6.50 mm,4.00 cm,5.00 mm,C,0,110.00 ml,125.50 g,
CANTON CAFE,-111.9702596,41.2194645,FSL-160,408 Hillsboro,Raleigh,NC,1969.0,1996.0,,yes,Dragon and Phoenix,,,I-*,Two Figures and an Incense Burner,Tea Cup,8.00 cm,5.00 cm,6.49 mm,8.76 mm,4.00 cm,3.00 mm,D,0,110.00 ml,141.70 g,
CANTON CAFE,-111.9702596,41.2194645,FSL-288,2550 Washington Blvd. ,Ogden,WA,,,,yes,Dragon and Phoenix,,1983.0,A-V,Chinese characters,Bowl,7.58 cm,5.32. cm,5.47 mm,6.5 mm,3.21 cm,4.5 mm,B,0,95 ml,117,
CANTON CAFE,-111.9702596,41.2194645,FSL-299,205 South G St.,Aberdeen,WA,1959.0,2025.0,,yes,Dragon and Phoenix,1950,1983.0,DPIV,,Tea Cup,7.4 cm,5.2 cm,5.2 mm,6.95 mm,3.2 cm,2 mm,K,0,106 ml,127.1 g,
CANTON CAFE,-111.9702596,41.2194645,FSL-403,205 South G St.,Aberdeen ,WA,1959.0,2025.0,,yes,Dragon and Phoenix,1950,1983.0,DP IV,3 red Chinese characters inside of cup,Tea Cup,,,,,,,B,0,,,
GEE'S RESTAURANT,-95.38446826,29.82877823,FSL-387,Airline at Crosstimbers,Houston,Texas,1954.0,2022.0,Gee (Gordon Cuoy Gee and Betty Chen Gee),,Bird and Flower,,,BF III,2 red Chinese characters above name,Ash Tray,,,,,,,D,0,,,Chinese & American Food; Phone OX-2-2064
GOLDEN DRAGON CAFE,-122.4833363,47.2075235,FSL-042,5415 So. Tacoma Way,Tacoma,WA,1951.0,1982.0,"James S Look, George Lee,",yes,Women / Characters,,,,,Tea Cup,7.50 cm,5.00 cm,5.65 mm,7.06 mm,3.50 cm,3.00 mm,B,0,110.00 ml,133.63 g,
GOLDEN DRAGON CAFE,-122.4833363,47.2075235,FSL-311,5415 So Tacoma Way??,Tacoma,WA,1951.0,1982.0,"James S Look, George Lee,",yes,Women / Characters,,,TW I,Black dragon with chinese characters to left,Tea Cup,7.6 cm,5 cm,6.3 mm,7.8 mm,3.7 cm,2 mm,B,0,104 ml,152.3 g,
GOLDEN DRAGON CAFE,-122.4833363,47.2075235,FSL-321,710 Simpson,Hoquim,WA,,,,yes,God of Longevity,,,GL III,4 red characters below GofL,Ash Tray,,,,,,,G,0,,,Food to take out Phone GE-9-0510
GOLDEN DRAGON CAFE,-122.4833363,47.2075235,FSL-374,So. Tacoma Way,South Tacoma,WA,,,,yes,Dragon and Phoenix,,1983.0,DP IV,2 Chinese characters inner rim of cup,Tea Cup,,,,,,,B,0,,,
GOLDEN DRAGON CAFE,-122.4833363,47.2075235,FSL-392,710 Simpson Ave.,Hoquiam,WA,,,,yes,God of Longevity,,,GL III,4 Chinese characters below GL,Ash Tray,,,,,,,G,0,,,Food to take out; Phone GE-S-0510
GOLDEN DRAGON CAFE,-122.4833363,47.2075235,FSL-405,So. Tacoma Wa,South Tacoma,WA,,,,yes,Dragon and Phoenix,,1983.0,DP III,2 red Chinese characters inside of cup,,,,,,,,B,0,,,
GOLDEN DRAGON CAFE,-123.885008,46.9775107,FSL-042,5415 So. Tacoma Way,Tacoma,WA,1951.0,1982.0,"James S Look, George Lee,",yes,Women / Characters,,,,,Tea Cup,7.50 cm,5.00 cm,5.65 mm,7.06 mm,3.50 cm,3.00 mm,B,0,110.00 ml,133.63 g,
GOLDEN DRAGON CAFE,-123.885008,46.9775107,FSL-311,5415 So Tacoma Way??,Tacoma,WA,1951.0,1982.0,"James S Look, George Lee,",yes,Women / Characters,,,TW I,Black dragon with chinese characters to left,Tea Cup,7.6 cm,5 cm,6.3 mm,7.8 mm,3.7 cm,2 mm,B,0,104 ml,152.3 g,
GOLDEN DRAGON CAFE,-123.885008,46.9775107,FSL-321,710 Simpson,Hoquim,WA,,,,yes,God of Longevity,,,GL III,4 red characters below GofL,Ash Tray,,,,,,,G,0,,,Food to take out Phone GE-9-0510
GOLDEN DRAGON CAFE,-123.885008,46.9775107,FSL-374,So. Tacoma Way,South Tacoma,WA,,,,yes,Dragon and Phoenix,,1983.0,DP IV,2 Chinese characters inner rim of cup,Tea Cup,,,,,,,B,0,,,
GOLDEN DRAGON CAFE,-123.885008,46.9775107,FSL-392,710 Simpson Ave.,Hoquiam,WA,,,,yes,God of Longevity,,,GL III,4 Chinese characters below GL,Ash Tray,,,,,,,G,0,,,Food to take out; Phone GE-S-0510
GOLDEN DRAGON CAFE,-123.885008,46.9775107,FSL-405,So. Tacoma Wa,South Tacoma,WA,,,,yes,Dragon and Phoenix,,1983.0,DP III,2 red Chinese characters inside of cup,,,,,,,,B,0,,,
BILL LEE'S BAMBOO CHOPSTICKS,-119.0156857,35.3750106,FSL-402,18th and M St.,Bakersfield,CA,,,,yes,Dragon and Phoenix,,1983.0,DP IV,2 green Chinese characters inside cup,Tea Cup,,,,,,,J,0,,,Address has faded
HOUSE OF LEE,-90.1539972,30.0040868,FSL-394,0,Metairie,LA,,,,,Women / Characters,,,TW I,Town depicted with gate and 3 Chinese characters below ,Tea Cup,,,,,,,D,0,,,
SOUTH CHINA CAFE,-122.3115407,47.5788152,FSL-071,2716 Beacon Ave. ,Seattle,WA,,,,,Bird and Flower,,,B-II,,Tea Cup,8.00 cm,5.50 cm,6.00 mm,6.86 mm,4.00 cm,5.00 mm,G,0,110.00 ml,152.5 g,
SOUTH CHINA CAFE,-122.3115407,47.5788152,FSL-076,2716 Beacon Ave. ,Seattle,WA,,,,,Bird and Flower,,,B-II,,Saucer,12.50 cm,2.00 cm,4.30 mm,,7.00 cm,,G,0,,151.88 g,
SOUTH CHINA CAFE,-122.3115407,47.5788152,FSL-319,2716 Beacon Ave.,Seattle,WA,,,,,God of Longevity,,,GL III,4 gold Chinese characters above GL,Ash Tray,,,,,,,A,0,,,
SOUTH CHINA CAFE,-122.3115407,47.5788152,FSL-383,2716 Beacon Ave.,Seattle,WA,,,,,Bird and Flower,,,BF III,2 Chinese characters to either side of address,Tea Cup,,,,,,,G,0,,,Foods to take out; Phone EA-2-9794
3 TOWERS RESTAURANT,-97.875305,36.4226403,FSL-395 ,2609 N. 3rd,Enid,OK,,,,,Women / Characters,,,TW I,4 Chinese characters above address,Tea Cup,,,,,,,B,0,,,Chinese & American Foods
CHIAM,-87.631613,41.851472,FSL-381,2251 So. Wentworth Ave.,Chicago,IL,,,,,Custom / Misc Pattern,,,0,4 green Chinese characters to left of address,Ash Tray,,,,,,,D,0,,,"""...means chinese-american"" below restaurant name ""Chiam""; Phone CA-5-4766"
ORIENTAL RESTAURANT,-68.7688049,44.8022059,FSL-282,116 E. Parrish St. ,Durham,NC,,,,,Bird and Flower,,,B-III,pagoda tower and chinese characters,Bowl,7.75 cm ,5.1 cm,8.1 mm,8.1 mm,4.00 cm,2.0 mm,D,no,98 ml,173.02,
ORIENTAL RESTAURANT,-68.7688049,44.8022059,FSL-399,209 Exchange St.,Bangor,ME,,,,,Dragon and Phoenix,,1983.0,DP IV,3 Chinese characters to right of address,Tea Cup,,,,,,,B,0,,,Foods To Take Out; Phone 3253
ORIENTAL RESTAURANT,-68.7688049,44.8022059,FSL-401,209 Exchange St.,Bangor,ME,,,,,Dragon and Phoenix,,1983.0,DP IV,3 Chinese characters to right of address,Tea Cup,,,,,,,B,0,,,Foods To Take Out; Phone 3253
CHUNGKING RESTAURANT,-117.375732,33.982506,FSL-393,3817 Market St.,Riverside,CA,,,,,God of Longevity,,,GL III,2 Chinese characters below GL,Ash Tray,,,,,,,D,0,,,Chinese Food; Phone 686-7292
CHUNGKING RESTAURANT,-117.375732,33.982506,FSL-398,3817 Market St.,Riverside,CA,,,,,God of Longevity,,,GL III,2 red Chinese characters below GL,Ash Tray,,,,,,,D,0,,,Chinese Food; Phone 686-7292
HONG KONG RESTAURANT,-81.486821,41.4618455,FSL-138,,Champaign,IL,,,,,Women / Characters,,,,,Plate,16.00 cm,2.00 cm,4.09 mm,,9.50 cm,,A,0,,211.36 g,
HONG KONG RESTAURANT,-81.486821,41.4618455,FSL-148,3011 Amarillo Blvd. on Highway 66 & 60,Amarillo,TX,1955.0,1992.0,Jew/Chew,,God of Longevity,,,,,Ash Tray,10.00 cm,2.50 cm,4.47 mm,,5.00 cm,,D,0,,91.89 g,
HONG KONG RESTAURANT,-81.486821,41.4618455,FSL-287,New Chinatown,Los Angeles ,CA,,,,,Dragon and Phoenix,,1983.0,A-IV,Chinese Characters,Bowl,7.52 cm,5.2cm,4.6 mm,6.9 mm,3.75 cm,2 mm,B,0,96 ml,126.5,
HONG KONG RESTAURANT,-81.486821,41.4618455,FSL-389,27139 Chagrin Blvd.,Cleveland,OH,,,,,God of Longevity,,,GL I,3 Chinese characters at right side of address,Ash Tray,,,,,,,E,0,,,Orders to go; Phone 831-1818 (smudged)
HUNG FAR LOW,-122.674308,45.5240843,FSL-368,112 N.W. 4th Ave.,Portland ,OR,,,,,Custom / Misc Pattern,,,,3 Chinese characters in cup along rim,Tea Cup,,,,,,,B,0,,,
SUNLITE CAFE,-122.2100145,47.4794561,FSL-343,509 3rd Ave.,Renton,WA,1956.0,,Fong and Kie L Chinn,,God of Longevity,,,GL II,Chinese characters below GL,Ash Tray,9.7cm,2.5cm,,,4.5cm,3cm,C,yes;Japan,,,Foods to go/Phone BA-8-4320
SUNLITE CAFE,-122.2100145,47.4794561,FSL-344,509 3rd Ave.,Renton,WA,1956.0,,Fong and Kie L Chinn,,God of Longevity,,,GL II,Chinese characters below GL,Ash Tray,9.7cm,2.5cm,,,4.5cm,3cm,C,yes;Japan,,,Foods to go/Phone BA-8-4320
SUNLITE CAFE,-122.2100145,47.4794561,FSL-345,509 3rd Ave.,Renton,WA,1956.0,,Fong and Kie L Chinn,,God of Longevity,,,GL II,Chinese characters below GL,Ash Tray,9.7cm,2.5cm,,,4.5cm,3cm,C,0,,,Foods to go/Phone BA-8-4320
SUNLITE CAFE,-122.2100145,47.4794561,FSL-346,509 Third Ave.,Renton,WA,1956.0,,Fong and Kie L Chinn,,God of Longevity,,,GL III,Rising sun/ red Chinese characters to left of address,Ash Tray,9.8cm,2.5cm,,,4.7cm,2cm,E,0,,,Ashtray is broken into two pieces with some chips missing /measurements are taken from taped vessel -Orders to go/ Phone AL-5-9030
FAR EAST,-117.339205,47.65698599,FSL-355,E. 4824 Sprague,Spokane,WA,,,,,God of Longevity,,,GL III,5 Chinese characters below address,Ash Tray,,,,,,,E,0,,,
FAR EAST,-117.339205,47.65698599,FSL-320,E. 4824 Sprague,Spokane,WA,,,,,Bird and Flower,,,BF III,2 Chinese characters above address,Ash Tray,,,,,,,E,0,,,
FAR EAST,-117.339205,47.65698599,FSL-322,E. 4824 Sprague,Sprague,WA,,,,,Bird and Flower,,,BF III,2 black script Chinese characters above address and 4 red characters below address,Ash Tray,,,,,,,E,0,,,
WEE'S CAFE,-112.1498684,33.4808285,FSL-359,4254 W. Thomas Rd.,Phoenix,AZ,,,,,God of Longevity,,,GL III,,Ash Tray,,,,,,,D,0,,,Phone 272-1881
DOROTHY WONG'S EAST WIND RESTAURANT,-82.9201745,42.4798199,FSL-361,19160 Ten Mile Rd.,East Detroit,MI,,,,,God of Longevity,,,GL III,Red Chinese characters above address,Ash Tray,,,,,,,D,0,,,Foods to take out/ Phone 771-7420
THE PEACH GARDEN,-90.2340372,38.6386504,FSL-362,3610 Olive St.,St. Louis,MO,,,,,God of Longevity,,,GL III,Two red Chinese Characters on either side of address,Ash Tray,,,,,,,D,0,,,Foods to take out/ Phone JE-3-9975
CHINA VILLAGE,-111.8811233,40.885856,FSL-351,334 S. Main St.,Salt Lake City,UT,,,,,Bird and Flower,,,BF III,3 Chinese characters above name,Ash Tray,,,,,,,D,0,,,Phone EL-5-5507
MOY'S CHINESE RESTAURANT,-80.1437014,26.0127949,FSL-349,Young Circle,Hollywood,FL,,,,,Women / Characters,,,TW I,Two Chinese characters to left of address,Tea Cup,,,,,,,D,0,,,Orders to take out/ Phone WA-2-4273 https://youtu.be/fQxEoZmDW00?si=ySeI6y9EMssGRqPK
DAN CHAN RESTAURANT,-71.7760441,42.5808848,FSL-305,John Fitch Plaza,Fitchburg,MA,1964.0,,,,Bird and Flower,,,B-II,,Tea Cup,7.6 cm,5.5 cm,5.8 mm,6.1 mm,3.7 cm,5 mm,G,0,cup is broken/not internal volume documented,138.9 g,Foods to take out/phone 342-3574
DAN CHAN RESTAURANT,-71.7760441,42.5808848,FSL-338,John Fitch Plaza,Fitchburg,MA,1964.0,,,,Bird and Flower,,,BF II,Chinese charaters above address,Tea Cup,7.8 cm,5.5 cm,5.8 mm,6.1 mm,3.7 cm,5 mm,H,0,118 ml,141.3 g,Foods to take out/Phone 342-3574
DAN CHAN RESTAURANT,-71.7760441,42.5808848,FSL-339,John Fitch Plaza,Fitchburg,MA,1964.0,,,,Bird and Flower,,,BF II,chinese characters above address,Tea Cup,7.8 cm,5.6 cm,6.1 mm,6.5 mm,3.8 cm,5 mm,G,0,121 ml,144.7 g,Foods to take out/Phone 342-3574
DAN CHAN RESTAURANT,-71.7760441,42.5808848,FSL-340,John Fitch Plaza,Fitchburg,MA,1964.0,,,,Bird and Flower,,,BF II,chinese characters above address,Tea Cup,7.8 cm,5.6 cm,5.7 mm,6 mm,3.7 cm,5 mm,G,0,118 ml,140.9 g,foods to take out/Phone 342-3574
DAN CHAN RESTAURANT,-71.7760441,42.5808848,FSL-342,John Fitch Plaza,Fitchburg,MA,1964.0,,Danny Chin,,Bird and Flower,,,BF II,chinese characters above address,Tea Cup,7.7 cm,5.5 cm,5.7 mm,5.8 mm,3.7 cm,5 mm,G,0,118 ml,142.7 g,foods to take out/Phone 342-3574
HONG KONG CAFE,-122.3254225,47.5980425,FSL-057,507 Maynard Ave.,Seattle,WA,,,,yes,Dragon and Phoenix,,1983.0,A-III,,Tea Cup,8.00 cm,5.00 cm,5.84 mm,7.00 mm,4.00 cm,2.00 mm,D,0,110.00 ml,148.00 g,
HONG KONG CAFE,-122.3254225,47.5980425,FSL-364,507 Maynard Ave.,Seattle,WA,,,,yes,Dragon and Phoenix,,1983.0,DP III,4 Chinese characters inside bowl,Bowl,,,,,,,B,0,,,
LOUIE'S GOLDEN DRAGON,-116.2124611,43.6190241,FSL-274,,Boise ,ID,,1964.0,,,Lustre Floral,,1960.0,,Four Symbols ,Tea Cup,7.50 cm,5.50 cm,4.92 mm,7.09 mm,3.5 cm,5.0 mm,B,0,110 ml,116.48 g,
LOUIE'S GOLDEN DRAGON,-116.2124611,43.6190241,FSL-369,801 Grove St.,Boise,ID,,,,,Dragon and Phoenix,,1983.0,DP III,2 Chinse characters- 1 to each side of address,Tea Cup,,,,,,,E,0,,,Phone 343-231
CHINA CLIPPER,-117.0040454,46.4246065,FSL-347,,North Lewiston,ID,,,,,Women / Characters,,,TW I,Chinese characters to left and right of address,Plate,15.8cm,2.1cm,,,9.8cm,5cm,A,0,,,Best Chinese Food & American Foods
JIMMY WONG'S GOLDEN DRAGON,-117.1612846,32.7484788,FSL-301,414 University Ave. ,San Diego ,CA,,,,,Dragon and Phoenix,,1983.0,DPIV,,Tea Cup,7.6 cm,5.2 cm,5.6 mm,7.2 mm,3.7 cm,2 mm,B,0,108 ml,148. 7 g,Foods to take out/ Phone CY-6-4119
NAN,-122.6610382,45.5766181,FSL-376,,,,,,,,Bird and Flower,,,BF III,design includes red bat ,Saucer,,,,,,,B,0,,,
NAN,-122.6610382,45.5766181,FSL-377,,,,,,,,Bird and Flower,,,BF III,design includes red bat ,Saucer,,,,,,,B,0,,,
NAN,-122.6610382,45.5766181,FSL-378,,,,,,,,Bird and Flower,,,BF III,design includes red bat ,Saucer,,,,,,,B,0,,,
NAN,-122.6610382,45.5766181,FSL-379,,,,,,,,Bird and Flower,,,BF III,design includes red bat ,Saucer,,,,,,,B,0,,,
NAN,-122.6610382,45.5766181,FSL-380,,,,,,,,Bird and Flower,,,BF III,design includes red bat on plate face as well as 2 addidtional bats on outer rim of plate,Plate,,,,,,,D,0,,,
NAN,-122.6610382,45.5766181,FSL-216,,,,,,,,Individualized Logo,,,,"Red Dragon depicted along with a Red Sun, Wind, Thunder, and Two Symbols ",Tea Cup,8.00 cm,5.50 cm,5.98 mm,7.47 mm,4.00 cm,5.00 mm,C,0,110.00 ml,137.95 g,
NAN,-122.6610382,45.5766181,FSL-217,,,,,,,,Individualized Logo,,,,"Red Dragon depicted along with a Red Sun, Wind, and Thunder ",Tea Cup,8.00 cm,5.50 cm,6.23 mm,7.31 mm,4.00 cm,5.00 mm,C,0,110.00 ml,141.15 g,
NAN,-122.6610382,45.5766181,FSL-218,,,,,,,,Dragon and Phoenix,,1983.0,,,Tea Cup,8.00 cm,5.50 cm,6.14 mm,7.76 mm,3.50 cm,5.00 mm,C,0,110.00 ml,143.00 g,
NAN,-122.6610382,45.5766181,FSL-219,,,,,,,,Dragon and Phoenix,,1983.0,,,Tea Cup,7.50 cm,5.50 cm,6.17 mm,6.83 mm,4.00 cm,5.00 mm,G,0,110.00 ml,141.86 g,
NAN,-122.6610382,45.5766181,FSL-220,,,,,,,,Dragon and Phoenix,,1983.0,,,Tea Cup,8.00 cm,5.50 cm,5.93 mm,7.26 mm,4.00 cm,5.00 mm,C,0,110.00 ml,138.42 g,
NAN,-122.6610382,45.5766181,FSL-221,,,,,,,,Women / Characters,,,,,Tea Cup,8.00 cm,5.50 cm,6.43 mm,8.33 mm,4.00 cm,4.00 mm,I,0,120.00 ml,146.60 g,
NAN,-122.6610382,45.5766181,FSL-222,,,,,,,,Dragon and Phoenix,,1983.0,,,Tea Cup,8.00 cm,5.50 cm,6.26 mm,7.29 mm,4.00 cm,5.00 mm,,0,110.00 ml,142.22 g,
NAN,-122.6610382,45.5766181,FSL-223,,,,,,,,Dragon and Phoenix,1983,,, ,Tea Cup,8.00 cm,5.50 cm,6.26 mm,7.90 mm,4.00 cm,4.00 mm,I,0,110.00 ml,150.93 g,
NAN,-122.6610382,45.5766181,FSL-224,,,,,,,,Dragon and Phoenix,,1983.0,,,Tea Cup,8.00 cm,5.00 cm,5.78 mm,7.11 mm,4.00 cm,3.00 mm,B,0,110.00 ml,140.40 g,
NAN,-122.6610382,45.5766181,FSL-225,,,,,,,,Dragon and Phoenix,1983,,, ,Tea Cup,8.00 cm,5.50 cm,6.89 mm,7.48 mm,4.00 cm,6.00 mm,C,0,110.00 ml,147.79 g,
NAN,-122.6610382,45.5766181,FSL-226,,,,,,,,Lustre Floral,,1960.0,,,Tea Cup,7.50 cm,5.50 cm,6.15 mm,5.34 mm,3.00 cm,4.00 mm,B,0,90.00 ml,141.82 g,
NAN,-122.6610382,45.5766181,FSL-227,,,,,,,,Lustre Floral,,1960.0,,,Tea Cup,7.50 cm,5.50 cm,6.07 mm,5.61 mm,3.00 cm,4.00 mm,B,0,90.00 ml,137.83 g,
NAN,-122.6610382,45.5766181,FSL-228,,,,,,,,Lustre Floral,,1960.0,,,Tea Cup,7.50 cm,5.50 cm,6.70 mm,6.52 mm,3.00 cm,4.00 mm,B,0,90.00 ml,140.24 g,
NAN,-122.6610382,45.5766181,FSL-229,,,,,,,,Lustre Floral,,1960.0,,,Tea Cup,7.50 cm,5.50 cm,5.81 mm,5.58 mm,3.00 cm,4.00 mm,B,0,90.00 ml,125.30 g,
NAN,-122.6610382,45.5766181,FSL-230,,,,,,,,Dragon and Phoenix,,1983.0,,Thunder and Wind,Tea Cup,8.00 cm,5.50 cm,6.07 mm,7.29 mm,4.00 cm,5.00 mm,,0,110.00 ml,132.93 g,
NAN,-122.6610382,45.5766181,FSL-231,,,,,,,,Women / Characters,,,,"""precious like jade""",Tea Cup,8.00 cm,5.50 cm,5.98 mm,6.84 mm,4.00 cm,5.00 mm,C,0,110.00 ml,148.76 g,
NAN,-122.6610382,45.5766181,FSL-232,,,,,,,,Dragon and Phoenix,1983,,, ,Tea Cup,8.00 cm,5.50 cm,6.13 mm,7.73 mm,4.00 cm,4.00 mm,I,0,110.00 ml,150.24 g,
NAN,-122.6610382,45.5766181,FSL-233,,,,,,,,Dragon and Phoenix,,1983.0,,Thunder   ,Tea Cup,7.50 cm,5.50 cm,4.18 mm,2.79 mm,3.00 cm,4.00 mm,E,0,110.00 ml,83.66 g,
NAN,-122.6610382,45.5766181,FSL-234,,,,,,,,Dragon and Phoenix,1983,,, ,Tea Cup,8.00 cm,5.50 cm,5.85 mm,7.66 mm,4.00 cm,5.00 mm,C,0,110.00 ml,137.70 g,
NAN,-122.6610382,45.5766181,FSL-235,,,,,,,,Dragon and Phoenix,,1983.0,,Thunder and Wind,Tea Cup,8.00 cm,5.50 cm,5.78 mm,7.41 mm,4.00 cm,5.00 mm,,0,110.00 ml,136.55 g,
NAN,-122.6610382,45.5766181,FSL-236,,,,,,,,Lustre Floral,,1960.0,,Thunder and Wind,Tea Cup,7.50 cm,5.50 cm,5.89 mm,5.97 mm,3.00 cm,4.00 mm,B,0,110.00 ml,131.21 g,
NAN,-122.6610382,45.5766181,FSL-237,,,,,,,,Dragon and Phoenix,1983,,, ,Tea Cup,8.00 cm,5.50 cm,6.64 mm,8.38 mm,4.00 cm,3.00 mm,I,0,110.00 ml,145.06 g,
NAN,-122.6610382,45.5766181,FSL-238,,,,,,,,Women / Characters,,,,"""precious like jade""",Tea Cup,8.00 cm,5.50 cm,6.17 mm,7.68 mm,4.00 cm,6.00 mm,G,0,110.00 ml,149.35 g,
NAN,-122.6610382,45.5766181,FSL-239,,,,,,,,Dragon and Phoenix,1983,,, ,Tea Cup,8.00 cm,5.50 cm,6.11 mm,7.37 mm,4.00 cm,5.00 mm,C,0,110.00 ml,141.88 g,
NAN,-122.6610382,45.5766181,FSL-240,,,,,,,,Lustre Floral,,1960.0,,,Tea Cup,7.50 cm,5.50 cm,5.18 mm,6.11 mm,3.00 cm,4.00 mm,B,0,110.00 ml,128.74 g,
NAN,-122.6610382,45.5766181,FSL-241,,,,,,,,Lustre Floral,,1960.0,,,Tea Cup,7.50 cm,5.50 cm,5.37 mm,6.19 mm,3.50 cm,4.00 mm,B,0,110.00 ml,126.00 g,
NAN,-122.6610382,45.5766181,FSL-242,,,,,,,,Women / Characters,,,,"""precious like jade""",Tea Cup,8.00 cm,5.50 cm,7.09 mm,7.90 mm,4.00 cm,3.00 mm,I,0,120.00 ml,148.83 g,
NAN,-122.6610382,45.5766181,FSL-243,,,,,,,,Dragon and Phoenix,1983,,,Thunder and Wind,Tea Cup,8.00 cm,5.50 cm,5.87 mm,7.63 mm,4.00 cm,5.00 mm,,0,120.00 ml,137.84 g,
NAN,-122.6610382,45.5766181,FSL-244,,,,,,,,God of Longevity,,,,,Tea Cup,9.00 cm,5.50 cm,2.45 mm,2.15 mm,5.00 cm,7.00 mm,D,0,210.00 ml,85.10 g,
NAN,-122.6610382,45.5766181,FSL-245,,,,,,,,Bird and Flower,,,,,Ash Tray,10.00 cm,2.50 cm,4.76 mm,,5.00 cm,,D,0,,90.77 g,
NAN,-122.6610382,45.5766181,FSL-246,,,,,,,,Bird and Flower,,,,,Ash Tray,10.00 cm,2.50 cm,5.02 mm,,5.00 cm,,D,0,,90.38 g,
NAN,-122.6610382,45.5766181,FSL-247,,,,,,,,Bird and Flower,,,,,Ash Tray,10.00 cm,2.50 cm,4.80 mm,,5.00 cm,,D,0,,89.31 g,
NAN,-122.6610382,45.5766181,FSL-248,,,,,,,,God of Longevity,,,,,Ash Tray,10.00 cm,2.50 cm,4.97 mm,,14.00 cm,,D,0,,95.86 g,
NAN,-122.6610382,45.5766181,FSL-249,,,,,,,,Dragon and Phoenix,1983,,,,Plate,21.00 cm,2.50 cm,5.58 mm,,14.00 cm,,I,Yes: Japan,,303.81 g,
NAN,-122.6610382,45.5766181,FSL-250,,,,,,,,God of Longevity,,,,,Plate,20.50 cm,2.50 cm,6.10 mm,,14.00 cm,,F,0,,388.35 g,
NAN,-122.6610382,45.5766181,FSL-251,,,,,,,,Dragon and Phoenix,1983,,,,Plate,21.00 cm,2.50 cm,5.88 mm,,14.00 cm,,F,0,,374.62 g,
NAN,-122.6610382,45.5766181,FSL-252,,,,,,,,God of Longevity,,,,,Plate,21.00 cm,2.50 cm,5.69 mm,,14.00 cm,,F,0,,396.14 g,
NAN,-122.6610382,45.5766181,FSL-253,,,,,,,,God of Longevity,,,,,Plate,21.00 cm,2.50 cm,6.10 mm,,14.00 cm,,F,0,,342.15 g,
NAN,-122.6610382,45.5766181,FSL-254,,,,,,,,God of Longevity,,,,,Plate,21.00 cm,2.50 cm,5.49 mm,,14.00 cm,,I,Yes: Japan,,388.70 g,
NAN,-122.6610382,45.5766181,FSL-255,,,,,,,,Custom / Misc Pattern,,,,Hexeganol Pattern with Four Symbols inside of Red Circles ,Plate,18.00 cm,2.00 cm,3.49 mm,,11.00 cm,,A,0,,264.64 g,
NAN,-122.6610382,45.5766181,FSL-256,,,,,,,,Custom / Misc Pattern,,,,Hexeganol Pattern with Four Symbols inside of Red Circles ,Plate,18.00 cm,2.00 cm,3.70 mm,,11.00 cm,,A,0,,263.49 g,
NAN,-122.6610382,45.5766181,FSL-257,,,,,,,,Custom / Misc Pattern,,,,Hexeganol Pattern with Four Symbols inside of Red Circles ,Plate,18.00 cm,2.00 cm,3.74 mm,,11.00 cm,,A,0,,267.92 g,
NAN,-122.6610382,45.5766181,FSL-258,,,,,,,,God of Longevity,,,,Four Symbols ,Saucer,14.00 cm,2.00 cm,3.50 mm,,7.50 cm,,A,0,,134.63 g,
NAN,-122.6610382,45.5766181,FSL-259,,,,,,,,Dragon and Phoenix,,1983.0,,Gold,Saucer,14.50 cm,2.50 cm,3.62 mm,,9.00 cm,,G,0,,145.41 g,
NAN,-122.6610382,45.5766181,FSL-260,,,,,,,,Bird and Flower,,,,,Dish,10.50 cm,3.00 cm,6.00 mm,,5.50 cm,,D,0,,147.93 g,
NAN,-122.6610382,45.5766181,FSL-261,,,,,,,,God of Longevity,,,,,Dish,8.50 cm,2.00 cm,6.64 mm,,5.00 cm,,I,0,,94.93 g,
NAN,-122.6610382,45.5766181,FSL-262,,,,,,,,Dragon and Phoenix,1983,,, ,Bowl,10.50 cm,5.00 cm,5.66 mm,6.43 mm,4.50 cm,7.00 mm,I,Yes: Japan,190.00 ml,201.33 g,
NAN,-122.6610382,45.5766181,FSL-263,,,,,,,,Women / Characters,,,,"""precious like jade""",Spoon,15.00 cm (Including Handle),1.50 cm (Only Bowl),3.50 mm,,,,D,0,10.00 ml,46.67 g,
NAN,-122.6610382,45.5766181,FSL-264,,,,,,,,Individualized Logo,,,,Hexeganol Pattern with Three Symbols inside of Red Circles ,Spoon,14.00 cm (Including Handle),1.50 cm (Only Bowl),3.50 mm,,,,G,0,10.00 ml,38.03 g,
NAN,-122.6610382,45.5766181,FSL-265,,,,,,,,Women / Characters,,,,"""precious like jade""",Spoon,15.00 cm (Including Handle),1.50 cm (Only Bowl),3.50 mm,,,,D,0,10.00 ml,45.96 g,
NAN,-122.6610382,45.5766181,FSL-278,,,,,,,,Dragon and Phoenix,,,,,Tea Pot,6.50 cm,14.50 cm,,,8.50 cm,,B,0,600 ml,508.30 g,
NAN,-122.6610382,45.5766181,FSL-279,,,,,,,,Women / Characters,,,, ,Tea Pot,7.00 cm,16.50 cm,,,7.50 cm,,A,0,800 ml,482.60 g,
NAN,-122.6610382,45.5766181,FSL-310,,,,,,,,Women / Characters,1959,1973.0,TW II,Characters and no address,Tea Cup,7.6 cm,5.3 cm,7.1 mm,7.9 mm,3.7 cm,5 mm,G,,106 ml,160.4 g,
CHINA LAND,-117.2075417,32.749959,FSL-302,3135 Midway Dr.,San Diego,CA,,,,,Dragon and Phoenix,,,DPIII,Woman in flowing robe with one hand on head/ Chinese characters below address,Tea Cup,7.6 cm ,5.2 cm,6.4 mm,7.2 mm,3.7 cm,5 mm,D,0,106 ml,151.6 g,Foods to take out/ Phone AC-3-1255
AL'S CHOP SUEY,-122.2205432,37.7749088,FSL-304,3731 E. 14th St. ,Oakland,CA,,,,yes,Dragon and Phoenix,,1983.0,DPV,,Tea Cup,7.5 cm,5 cm,5.9 mm,7.5 mm,3.3 cm,2 mm,K,0,102.5 ml,139.7 g,Chinese characters below address
ORIENTAL KITCHEN,-77.0876749,38.862535,FSL-327,2923 Columbia Pike,Arlington,VA,,,,,God of Longevity,,,GL III,2 red Chinese characters below GofL,Ash Tray,,,,,,,D,0,,,Broken into two pieces; Carry out; Phone JA-5-2210 JA-7-9844
ENG'S RESTAURANT,-76.2070274,36.858219,FSL-328,244 Janaff Shopping Center,Norfolk,VA,,,,,God of Longevity,,,GL III,3 Chinese characters above address,Ash Tray,,,,,,,D,Yes; Japan,,,Orders to take out; Phone UL--3-2948
GOOD EARTH RESTAURANT,-73.9826065,40.7787731,FSL-334,212 W. 72nd St.,New York City,NY,,,,,Women / Characters,,,TW I,circular stamp with woman playing traditional duxianqin and three chinese characters to left of address,Saucer,,,,,,,D,Yes; Japan,,,Phone TR-7-3240
LOTUS ROOM,-90.3461255,38.6330085,FSL-325,1143 Brentwood Blvd.,Richmond Heights,MO,,,,,Bird and Flower,,,BF III,2 Chinese characters at either side of address ,Ash Tray,,,,,,,D,0,,,Carry out orders; Phone PA-1-1156
GANG SUE'S TEAGARDEN,-119.0255509,36.0865766,FSL-115,1200 N. Main,Porterville ,CA,1949.0,1990.0,,,God of Longevity,,,,"Playful use of ""T"" in Teahouse to form ""TSUE""",Ash Tray,10.00 cm,2.50 cm,4.75 mm,,5.00 cm,,G,0,,95.07 g,
RICE BOWL,-121.865739,39.761481,FSL-141,4539 Broadway,Chicago,IL,,,,yes,God of Longevity,,,,,Ash Tray,10.00 cm,2.50 cm,5.40 mm,,5.00 cm,,G,0,,99.79 g,
RICE BOWL,-121.865739,39.761481,FSL-281,,Bakerfield [sic],CA,,,,yes,Dragon and Phoenix,1983,,,Chinese characters,Bowl,7.76 cm,5.52 cm,6.50 mm,7.1 mm,3.80 cm,4.5 mm,C,no,113 ml,140.48,
RICE BOWL,-120.490164,37.303066,FSL-141,4539 Broadway,Chicago,IL,,,,yes,God of Longevity,,,,,Ash Tray,10.00 cm,2.50 cm,5.40 mm,,5.00 cm,,G,0,,99.79 g,
RICE BOWL,-120.490164,37.303066,FSL-281,,Bakerfield [sic],CA,,,,yes,Dragon and Phoenix,1983,,,Chinese characters,Bowl,7.76 cm,5.52 cm,6.50 mm,7.1 mm,3.80 cm,4.5 mm,C,no,113 ml,140.48,
YANGTZE RESTAURANT,-117.6504923,34.0641073,FSL-119,126 North Euclid Ave.,Ontario,CA,,,,,God of Longevity,,,,,Ash Tray,10.00 cm,2.50 cm,5.48 mm,,5.00 cm,,G,0,,103.35 g,
GEORGE CHING'S THE GOLDEN LION,-118.0362565,34.0687818,FSL-125,3311 N. Tyler Ave.,El Monte,CA,1967.0,1994.0,Ching,,God of Longevity,,,,,Ash Tray,10.00 cm,2.50 cm,5.57 mm,,5.00 cm,,D,Yes: Japan,,91.11 g,
LEM'S RESTAURANT,-118.6074026,34.2012705,FSL-123,22039 Sherman Way,Canoga Park,CA,,,,,God of Longevity,,,,,Ash Tray,10.00 cm,2.50 cm,5.77 mm,,5.00 cm,,D,0,,98.78 g,
